endpoint	operation_id	param_value_tested	http_status	n_results	result_shape	notes	url
/autocomplete	autocomplete	term=TP53	200	51	list		https://catalog-api-dserv-1293-example.demo.igvf.org/api/autocomplete?term=TP53&page=0
/biosamples/genomic-elements	genomicElementsFromBiosamples	verbose=true	400			"{""message"":""At least one parameter must be defined."",""code"":""BAD_REQUEST""}"	https://catalog-api-dserv-1293-example.demo.igvf.org/api/biosamples/genomic-elements?verbose=true&page=0
/biosamples/genomic-elements	genomicElementsFromBiosamples	biosample_name=hepg2	200	25	list		https://catalog-api-dserv-1293-example.demo.igvf.org/api/biosamples/genomic-elements?biosample_name=hepg2&page=0
/biosamples/genomic-elements	genomicElementsFromBiosamples	method=MPRA	200	25	list		https://catalog-api-dserv-1293-example.demo.igvf.org/api/biosamples/genomic-elements?method=MPRA&page=0
/biosamples/genomic-elements	genomicElementsFromBiosamples	source=IGVF	200	25	list		https://catalog-api-dserv-1293-example.demo.igvf.org/api/biosamples/genomic-elements?source=IGVF&page=0
/biosamples/genomic-elements	genomicElementsFromBiosamples	files_fileset=ENCFF475FKV	200	25	list		https://catalog-api-dserv-1293-example.demo.igvf.org/api/biosamples/genomic-elements?files_fileset=ENCFF475FKV&page=0
/biosamples/variants	variantsFromBiosamples	biosample_id=EFO_0001182   method = MPRA   element_id = MPRA_chr1_1000079_1000279_GRCh38_plus_IGVFFI7321WGMD   significant = true           STARR-seq:     query by biosample identifier     biosample_id = EFO_0002067   method = STARR-seq           BlueSTARR:     query by biosample identifier     biosample_id = EFO_0002067   method = BlueSTARR	200	0	list		https://catalog-api-dserv-1293-example.demo.igvf.org/api/biosamples/variants?biosample_id=EFO_0001182+++method+%3D+MPRA+++element_id+%3D+MPRA_chr1_1000079_1000279_GRCh38_plus_IGVFFI7321WGMD+++significant+%3D+true+++++++++++STARR-seq%3A+++++query+by+biosample+identifier+++++biosample_id+%3D+EFO_0002067+++method+%3D+STARR-seq+++++++++++BlueSTARR%3A+++++query+by+biosample+identifier+++++biosample_id+%3D+EFO_0002067+++method+%3D+BlueSTARR&page=0
/coding-variants	codingVariants	name=OR4F5_ENST00000641515_p.Met1!_c.1A-C	200	1	list		https://catalog-api-dserv-1293-example.demo.igvf.org/api/coding-variants?name=OR4F5_ENST00000641515_p.Met1%21_c.1A-C&page=0
/coding-variants	codingVariants	id=OR4F5_ENST00000641515_p.Met1!_c.1A-C	200	1	list		https://catalog-api-dserv-1293-example.demo.igvf.org/api/coding-variants?id=OR4F5_ENST00000641515_p.Met1%21_c.1A-C&page=0
/coding-variants	codingVariants	hgvsp=p.Met1?	200	25	list		https://catalog-api-dserv-1293-example.demo.igvf.org/api/coding-variants?hgvsp=p.Met1%3F&page=0
/coding-variants	codingVariants	gene_name=SAMD11	200	25	list		https://catalog-api-dserv-1293-example.demo.igvf.org/api/coding-variants?gene_name=SAMD11&page=0
/coding-variants	codingVariants	protein_id=ENSP00000384707	200	25	list		https://catalog-api-dserv-1293-example.demo.igvf.org/api/coding-variants?protein_id=ENSP00000384707&page=0
/coding-variants	codingVariants	protein_name=SAM11_HUMAN	200	25	list		https://catalog-api-dserv-1293-example.demo.igvf.org/api/coding-variants?protein_name=SAM11_HUMAN&page=0
/coding-variants	codingVariants	amino_acid_position=1	200	25	list		https://catalog-api-dserv-1293-example.demo.igvf.org/api/coding-variants?amino_acid_position=1&page=0
/coding-variants	codingVariants	transcript_id=ENST00000342066	200	25	list		https://catalog-api-dserv-1293-example.demo.igvf.org/api/coding-variants?transcript_id=ENST00000342066&page=0
/coding-variants/phenotypes	phenotypesFromCodingVariants	coding_variant_name=ACSF3_ENST00000317447_p.Ala17Pro_c.49G-C   method = DUAL-IPA         Group results     gene_name = ACSF3   method = DUAL-IPA           ESM-1v:     Single result     coding_variant_name = A1BG_ENST00000263100_p.Ala118Asn_c.352_353delinsAA   method = ESM-1v         Group results     gene_name = A1BG   method = ESM-1v           MutPred2:     Single result     coding_variant_name = A1BG_ENST00000263100_p.Ala118Arg_c.352_353delinsCG   method = MutPred2         Group results     gene_name = A1BG   method = MutPred2           SGE:     Single result     coding_variant_name = BRCA2_ENST00000380152__NC_000013.11:g.32319075A-C_splicing   method = SGE         Group results     gene_name = BRCA2   method = SGE           VAMP-seq:     Single result     coding_variant_name = CYP2C19_ENST00000371321_p.Ala103=_c.309T-G   method = VAMP-seq         Group results     gene_name = CYP2C19   method = VAMP-seq	200	0	list		https://catalog-api-dserv-1293-example.demo.igvf.org/api/coding-variants/phenotypes?coding_variant_name=ACSF3_ENST00000317447_p.Ala17Pro_c.49G-C+++method+%3D+DUAL-IPA+++++++++Group+results+++++gene_name+%3D+ACSF3+++method+%3D+DUAL-IPA+++++++++++ESM-1v%3A+++++Single+result+++++coding_variant_name+%3D+A1BG_ENST00000263100_p.Ala118Asn_c.352_353delinsAA+++method+%3D+ESM-1v+++++++++Group+results+++++gene_name+%3D+A1BG+++method+%3D+ESM-1v+++++++++++MutPred2%3A+++++Single+result+++++coding_variant_name+%3D+A1BG_ENST00000263100_p.Ala118Arg_c.352_353delinsCG+++method+%3D+MutPred2+++++++++Group+results+++++gene_name+%3D+A1BG+++method+%3D+MutPred2+++++++++++SGE%3A+++++Single+result+++++coding_variant_name+%3D+BRCA2_ENST00000380152__NC_000013.11%3Ag.32319075A-C_splicing+++method+%3D+SGE+++++++++Group+results+++++gene_name+%3D+BRCA2+++method+%3D+SGE+++++++++++VAMP-seq%3A+++++Single+result+++++coding_variant_name+%3D+CYP2C19_ENST00000371321_p.Ala103%3D_c.309T-G+++method+%3D+VAMP-seq+++++++++Group+results+++++gene_name+%3D+CYP2C19+++method+%3D+VAMP-seq&page=0
/coding-variants/phenotypes-count	codingVariantsCountFromGene	gene_id=ENSG00000165841	200	3	list		https://catalog-api-dserv-1293-example.demo.igvf.org/api/coding-variants/phenotypes-count?gene_id=ENSG00000165841
/coding-variants/phenotypes-count	codingVariantsCountFromGene	files_fileset=IGVFFI6893ZOAA	400			"{""message"":""Input validation failed"",""code"":""BAD_REQUEST"",""issues"":[{""code"":""invalid_type"",""expected"":""string"",""received"":""undefined"",""path"":[""gene_id""],""message"":""Required""}]}"	https://catalog-api-dserv-1293-example.demo.igvf.org/api/coding-variants/phenotypes-count?files_fileset=IGVFFI6893ZOAA
/coding-variants/phenotypes/score-summary	codingVariantsSummary	variant_id=NC_000018.10:31546002:CA:GT	200	1	list		https://catalog-api-dserv-1293-example.demo.igvf.org/api/coding-variants/phenotypes/score-summary?variant_id=NC_000018.10%3A31546002%3ACA%3AGT
/coding-variants/phenotypes/score-summary	codingVariantsSummary	files_fileset=IGVFFI6893ZOAA	400			"{""message"":""variant_id or coding_variant_id is required"",""code"":""BAD_REQUEST""}"	https://catalog-api-dserv-1293-example.demo.igvf.org/api/coding-variants/phenotypes/score-summary?files_fileset=IGVFFI6893ZOAA
/coding-variants/variants	variantsFromCodingVariants	coding_variant_name=OR4F5_ENST00000641515_p.Gly30Ser_c.88G-A	200	1	list		https://catalog-api-dserv-1293-example.demo.igvf.org/api/coding-variants/variants?coding_variant_name=OR4F5_ENST00000641515_p.Gly30Ser_c.88G-A&page=0
/coding-variants/variants	variantsFromCodingVariants	hgvsp=p.Gly30Ser	200	25	list		https://catalog-api-dserv-1293-example.demo.igvf.org/api/coding-variants/variants?hgvsp=p.Gly30Ser&page=0
/complexes	complexes	complex_id=CPX-11	200	1	list		https://catalog-api-dserv-1293-example.demo.igvf.org/api/complexes?complex_id=CPX-11&page=0
/complexes	complexes	name=SMAD2	200	3	list		https://catalog-api-dserv-1293-example.demo.igvf.org/api/complexes?name=SMAD2&page=0
/complexes	complexes	description=phosphorylation	200	25	list		https://catalog-api-dserv-1293-example.demo.igvf.org/api/complexes?description=phosphorylation&page=0
/complexes/proteins	proteinsFromComplexes	verbose=true	400			"{""message"":""At least one parameter must be defined."",""code"":""BAD_REQUEST""}"	https://catalog-api-dserv-1293-example.demo.igvf.org/api/complexes/proteins?verbose=true&page=0
/complexes/proteins	proteinsFromComplexes	complex_id=CPX-9	200	9	list		https://catalog-api-dserv-1293-example.demo.igvf.org/api/complexes/proteins?complex_id=CPX-9&page=0
/complexes/proteins	proteinsFromComplexes	complex_name=SMAD2	200	25	list		https://catalog-api-dserv-1293-example.demo.igvf.org/api/complexes/proteins?complex_name=SMAD2&page=0
/complexes/proteins	proteinsFromComplexes	description=phosphorylation	200	25	list		https://catalog-api-dserv-1293-example.demo.igvf.org/api/complexes/proteins?description=phosphorylation&page=0
/diseases/genes	genesFromDiseases	verbose=true	400			"{""message"":""disease_id or term_name must be defined."",""code"":""BAD_REQUEST""}"	https://catalog-api-dserv-1293-example.demo.igvf.org/api/diseases/genes?verbose=true&page=0
/diseases/genes	genesFromDiseases	disease_name=fibrosis	200	25	list		https://catalog-api-dserv-1293-example.demo.igvf.org/api/diseases/genes?disease_name=fibrosis&page=0
/diseases/genes	genesFromDiseases	disease_id=Orphanet_586	200	19	list		https://catalog-api-dserv-1293-example.demo.igvf.org/api/diseases/genes?disease_id=Orphanet_586&page=0
/diseases/genes	genesFromDiseases	source=Orphanet	400			"{""message"":""disease_id or term_name must be defined."",""code"":""BAD_REQUEST""}"	https://catalog-api-dserv-1293-example.demo.igvf.org/api/diseases/genes?source=Orphanet&page=0
/diseases/variants	variantsFromDiseases	disease_id=MONDO_0009861	200	25	list		https://catalog-api-dserv-1293-example.demo.igvf.org/api/diseases/variants?disease_id=MONDO_0009861&page=0
/diseases/variants	variantsFromDiseases	disease_name=phenylketonuria	200	25	list		https://catalog-api-dserv-1293-example.demo.igvf.org/api/diseases/variants?disease_name=phenylketonuria&page=0
/diseases/variants	variantsFromDiseases	assertion=Pathogenic	400			"{""message"":""disease_id or term_name must be defined."",""code"":""BAD_REQUEST""}"	https://catalog-api-dserv-1293-example.demo.igvf.org/api/diseases/variants?assertion=Pathogenic&page=0
/diseases/variants	variantsFromDiseases	pmid=2574002	400			"{""message"":""disease_id or term_name must be defined."",""code"":""BAD_REQUEST""}"	https://catalog-api-dserv-1293-example.demo.igvf.org/api/diseases/variants?pmid=2574002&page=0
/drugs	drugs	drug_id=PA448497	200	1	list		https://catalog-api-dserv-1293-example.demo.igvf.org/api/drugs?drug_id=PA448497&page=0
/drugs	drugs	name=aspirin	200	1	list		https://catalog-api-dserv-1293-example.demo.igvf.org/api/drugs?name=aspirin&page=0
/drugs/variants	variantsFromDrugs	verbose=true	400			"{""message"":""At least one node property for variant / drug must be defined."",""code"":""BAD_REQUEST""}"	https://catalog-api-dserv-1293-example.demo.igvf.org/api/drugs/variants?verbose=true&page=0
/drugs/variants	variantsFromDrugs	drug_id=PA448497	200	25	list		https://catalog-api-dserv-1293-example.demo.igvf.org/api/drugs/variants?drug_id=PA448497&page=0
/drugs/variants	variantsFromDrugs	drug_name=aspirin	200	25	list		https://catalog-api-dserv-1293-example.demo.igvf.org/api/drugs/variants?drug_name=aspirin&page=0
/drugs/variants	variantsFromDrugs	pmid=20824505	400			"{""message"":""At least one node property for variant / drug must be defined."",""code"":""BAD_REQUEST""}"	https://catalog-api-dserv-1293-example.demo.igvf.org/api/drugs/variants?pmid=20824505&page=0
/drugs/variants	variantsFromDrugs	phenotype_categories=Toxicity	400			"{""message"":""At least one node property for variant / drug must be defined."",""code"":""BAD_REQUEST""}"	https://catalog-api-dserv-1293-example.demo.igvf.org/api/drugs/variants?phenotype_categories=Toxicity&page=0
/enhancer-gene-predictions	enhancerGenePredictions	gene_id=ENSG00000055950   method = CRISPR screen           ENCODE-rE2G:     query by gene identifier     gene_id = ENSG00000055950   method = ENCODE-rE2G           Perturb-seq:     query by gene identifier     gene_id = ENSG00000055950   method = Perturb-seq	404			Not Found	https://catalog-api-dserv-1293-example.demo.igvf.org/api/enhancer-gene-predictions?gene_id=ENSG00000055950+++method+%3D+CRISPR+screen+++++++++++ENCODE-rE2G%3A+++++query+by+gene+identifier+++++gene_id+%3D+ENSG00000055950+++method+%3D+ENCODE-rE2G+++++++++++Perturb-seq%3A+++++query+by+gene+identifier+++++gene_id+%3D+ENSG00000055950+++method+%3D+Perturb-seq&page=0
/files-filesets	filesFilesets	file_fileset_id=ENCFF004PFU	200	1	list		https://catalog-api-dserv-1293-example.demo.igvf.org/api/files-filesets?file_fileset_id=ENCFF004PFU&page=0
/files-filesets	filesFilesets	fileset_id=ENCSR359DFW	200	1	list		https://catalog-api-dserv-1293-example.demo.igvf.org/api/files-filesets?fileset_id=ENCSR359DFW&page=0
/files-filesets	filesFilesets	lab=jesse-engreitz	200	25	list		https://catalog-api-dserv-1293-example.demo.igvf.org/api/files-filesets?lab=jesse-engreitz&page=0
/files-filesets	filesFilesets	preferred_assay_title=DNase-seq	200	25	list		https://catalog-api-dserv-1293-example.demo.igvf.org/api/files-filesets?preferred_assay_title=DNase-seq&page=0
/files-filesets	filesFilesets	method=MPRA	200	21	list		https://catalog-api-dserv-1293-example.demo.igvf.org/api/files-filesets?method=MPRA&page=0
/files-filesets	filesFilesets	donor_id=ENCDO000AAK	200	1	list		https://catalog-api-dserv-1293-example.demo.igvf.org/api/files-filesets?donor_id=ENCDO000AAK&page=0
/files-filesets	filesFilesets	sample_term=EFO_0002784	200	2	list		https://catalog-api-dserv-1293-example.demo.igvf.org/api/files-filesets?sample_term=EFO_0002784&page=0
/files-filesets	filesFilesets	sample_summary=GM12878	200	2	list		https://catalog-api-dserv-1293-example.demo.igvf.org/api/files-filesets?sample_summary=GM12878&page=0
/files-filesets	filesFilesets	software=Distal regulation ENCODE-rE2G	200	25	list		https://catalog-api-dserv-1293-example.demo.igvf.org/api/files-filesets?software=Distal+regulation+ENCODE-rE2G&page=0
/files-filesets	filesFilesets	cell_annotation=mesodermal cell	200	1	list		https://catalog-api-dserv-1293-example.demo.igvf.org/api/files-filesets?cell_annotation=mesodermal+cell&page=0
/files-filesets	filesFilesets	class=prediction	200	25	list		https://catalog-api-dserv-1293-example.demo.igvf.org/api/files-filesets?class=prediction&page=0
/files-filesets	filesFilesets	source=ENCODE	200	25	list		https://catalog-api-dserv-1293-example.demo.igvf.org/api/files-filesets?source=ENCODE&page=0
/gene-products/go-terms	goTermsFromAnnotations	query=ENSP00000384707	200	25	list		https://catalog-api-dserv-1293-example.demo.igvf.org/api/gene-products/go-terms?query=ENSP00000384707&page=0
/gene-products/go-terms	goTermsFromAnnotations	name=involved in	400			"{""message"":""Input validation failed"",""code"":""BAD_REQUEST"",""issues"":[{""code"":""invalid_type"",""expected"":""string"",""received"":""undefined"",""path"":[""query""],""message"":""Required""}]}"	https://catalog-api-dserv-1293-example.demo.igvf.org/api/gene-products/go-terms?name=involved+in&page=0
/gene-regulatory-network	grn	regulator_gene_id=ENSG00000143190   regulator_gene_name = POU2F1   regulator_hgnc_id = HGNC:9212   regulator_alias = OCT1   response_gene_id = ENSG00000152284   response_gene_name = TCF7L1   response_hgnc_id = HGNC:11640   response_alias = TCF3   p_value = gte:0   method = CRISPR screen         Group results     regulator_gene_id = ENSG00000143190   regulator_gene_name = POU2F1   regulator_hgnc_id = HGNC:9212   regulator_alias = OCT1   response_gene_id = ENSG00000152284   response_gene_name = TCF7L1   response_hgnc_id = HGNC:11640   response_alias = TCF3   p_value = gte:0   method = CRISPR screen           Perturb-seq:     Single result     regulator_gene_id = ENSG00000143190   regulator_gene_name = POU2F1   regulator_hgnc_id = HGNC:9212   regulator_alias = OCT1   response_gene_id = ENSG00000123685   response_gene_name = BATF3   response_hgnc_id = HGNC:28915   response_alias = BATF3   p_value = gte:0   method = Perturb-seq         Group results     regulator_gene_id = ENSG00000143190   regulator_gene_name = POU2F1   regulator_hgnc_id = HGNC:9212   regulator_alias = OCT1   response_gene_id = ENSG00000123685   response_gene_name = BATF3   response_hgnc_id = HGNC:28915   response_alias = BATF3   p_value = gte:0   method = Perturb-seq	200	0	list		https://catalog-api-dserv-1293-example.demo.igvf.org/api/gene-regulatory-network?regulator_gene_id=ENSG00000143190+++regulator_gene_name+%3D+POU2F1+++regulator_hgnc_id+%3D+HGNC%3A9212+++regulator_alias+%3D+OCT1+++response_gene_id+%3D+ENSG00000152284+++response_gene_name+%3D+TCF7L1+++response_hgnc_id+%3D+HGNC%3A11640+++response_alias+%3D+TCF3+++p_value+%3D+gte%3A0+++method+%3D+CRISPR+screen+++++++++Group+results+++++regulator_gene_id+%3D+ENSG00000143190+++regulator_gene_name+%3D+POU2F1+++regulator_hgnc_id+%3D+HGNC%3A9212+++regulator_alias+%3D+OCT1+++response_gene_id+%3D+ENSG00000152284+++response_gene_name+%3D+TCF7L1+++response_hgnc_id+%3D+HGNC%3A11640+++response_alias+%3D+TCF3+++p_value+%3D+gte%3A0+++method+%3D+CRISPR+screen+++++++++++Perturb-seq%3A+++++Single+result+++++regulator_gene_id+%3D+ENSG00000143190+++regulator_gene_name+%3D+POU2F1+++regulator_hgnc_id+%3D+HGNC%3A9212+++regulator_alias+%3D+OCT1+++response_gene_id+%3D+ENSG00000123685+++response_gene_name+%3D+BATF3+++response_hgnc_id+%3D+HGNC%3A28915+++response_alias+%3D+BATF3+++p_value+%3D+gte%3A0+++method+%3D+Perturb-seq+++++++++Group+results+++++regulator_gene_id+%3D+ENSG00000143190+++regulator_gene_name+%3D+POU2F1+++regulator_hgnc_id+%3D+HGNC%3A9212+++regulator_alias+%3D+OCT1+++response_gene_id+%3D+ENSG00000123685+++response_gene_name+%3D+BATF3+++response_hgnc_id+%3D+HGNC%3A28915+++response_alias+%3D+BATF3+++p_value+%3D+gte%3A0+++method+%3D+Perturb-seq&page=0
/genes	genes	organism=Homo sapiens	200	25	list		https://catalog-api-dserv-1293-example.demo.igvf.org/api/genes?organism=Homo+sapiens&page=0
/genes	genes	name=SAMD1	200	1	list		https://catalog-api-dserv-1293-example.demo.igvf.org/api/genes?name=SAMD1&page=0
/genes	genes	region=chr1:212565300-212620800	200	1	list		https://catalog-api-dserv-1293-example.demo.igvf.org/api/genes?region=chr1%3A212565300-212620800&page=0
/genes	genes	synonym=CKLF	200	2	list		https://catalog-api-dserv-1293-example.demo.igvf.org/api/genes?synonym=CKLF&page=0
/genes	genes	collection=ACMG73	200	25	list		https://catalog-api-dserv-1293-example.demo.igvf.org/api/genes?collection=ACMG73&page=0
/genes	genes	study_set=MorPhiC	200	25	list		https://catalog-api-dserv-1293-example.demo.igvf.org/api/genes?study_set=MorPhiC&page=0
/genes	genes	gene_id=ENSG00000187642	200	1	list		https://catalog-api-dserv-1293-example.demo.igvf.org/api/genes?gene_id=ENSG00000187642&page=0
/genes	genes	gene_type=protein_coding	200	25	list		https://catalog-api-dserv-1293-example.demo.igvf.org/api/genes?gene_type=protein_coding&page=0
/genes	genes	hgnc_id=HGNC:28208	200	1	list		https://catalog-api-dserv-1293-example.demo.igvf.org/api/genes?hgnc_id=HGNC%3A28208&page=0
/genes	genes	entrez=84808	200	1	list		https://catalog-api-dserv-1293-example.demo.igvf.org/api/genes?entrez=84808&page=0
/genes-proteins/genes-proteins	genesProteinsGenesProteins	query=ATF1	200	9	list		https://catalog-api-dserv-1293-example.demo.igvf.org/api/genes-proteins/genes-proteins?query=ATF1&page=0
/genes-proteins/variants	variantsFromGeneProteins	query=ATF1	200	25	list		https://catalog-api-dserv-1293-example.demo.igvf.org/api/genes-proteins/variants?query=ATF1&page=0
/genes-structure	genesStructure	organism=Homo sapiens	400			"{""message"":""Please provide parameters from only one of the four categories: gene, transcript, protein or region"",""code"":""BAD_REQUEST""}"	https://catalog-api-dserv-1293-example.demo.igvf.org/api/genes-structure?organism=Homo+sapiens&page=0
/genes-structure	genesStructure	region=chr1:212565300-212620800	200	25	list		https://catalog-api-dserv-1293-example.demo.igvf.org/api/genes-structure?region=chr1%3A212565300-212620800&page=0
/genes-structure	genesStructure	gene_id=ENSG00000187642	200	25	list		https://catalog-api-dserv-1293-example.demo.igvf.org/api/genes-structure?gene_id=ENSG00000187642&page=0
/genes-structure	genesStructure	gene_name=ATF3	200	25	list		https://catalog-api-dserv-1293-example.demo.igvf.org/api/genes-structure?gene_name=ATF3&page=0
/genes-structure	genesStructure	transcript_id=ENST00000443707	200	15	list		https://catalog-api-dserv-1293-example.demo.igvf.org/api/genes-structure?transcript_id=ENST00000443707&page=0
/genes-structure	genesStructure	type=exon	400			"{""message"":""Please provide parameters from only one of the four categories: gene, transcript, protein or region"",""code"":""BAD_REQUEST""}"	https://catalog-api-dserv-1293-example.demo.igvf.org/api/genes-structure?type=exon&page=0
/genes-structure	genesStructure	protein_id=ENSP00000305769	200	24	list		https://catalog-api-dserv-1293-example.demo.igvf.org/api/genes-structure?protein_id=ENSP00000305769&page=0
/genes-structure	genesStructure	protein_name=SMAD1	200	25	list		https://catalog-api-dserv-1293-example.demo.igvf.org/api/genes-structure?protein_name=SMAD1&page=0
/genes/coding-variants/all-scores	allCodingVariantsFromGenes	gene_id=ENSG00000165841	400			"{""message"":""Input validation failed"",""code"":""BAD_REQUEST"",""issues"":[{""expected"":""'DUAL-IPA' | 'ESM-1v' | 'MutPred2' | 'SGE' | 'VAMP-seq'"",""received"":""undefined"",""code"":""invalid_type"",""path"":[""dataset""],""message"":""Required""}]}"	https://catalog-api-dserv-1293-example.demo.igvf.org/api/genes/coding-variants/all-scores?gene_id=ENSG00000165841&page=0
/genes/coding-variants/all-scores	allCodingVariantsFromGenes	dataset=VAMP-seq	400			"{""message"":""Input validation failed"",""code"":""BAD_REQUEST"",""issues"":[{""code"":""invalid_type"",""expected"":""string"",""received"":""undefined"",""path"":[""gene_id""],""message"":""Required""}]}"	https://catalog-api-dserv-1293-example.demo.igvf.org/api/genes/coding-variants/all-scores?dataset=VAMP-seq&page=0
/genes/coding-variants/scores	codingVariantsFromGenes	gene_name=ACSF3   method = DUAL-IPA           ESM-1v:     query by gene identifier     gene_id = ENSG00000121410   method = ESM-1v           MutPred2:     query by gene identifier     gene_id = ENSG00000196584   method = MutPred2           SGE:     query by gene identifier     gene_id = ENSG00000139618   method = SGE           VAMP-seq:     query by gene identifier     gene_id = ENSG00000165841   method = VAMP-seq	200	25	list		https://catalog-api-dserv-1293-example.demo.igvf.org/api/genes/coding-variants/scores?gene_name=ACSF3+++method+%3D+DUAL-IPA+++++++++++ESM-1v%3A+++++query+by+gene+identifier+++++gene_id+%3D+ENSG00000121410+++method+%3D+ESM-1v+++++++++++MutPred2%3A+++++query+by+gene+identifier+++++gene_id+%3D+ENSG00000196584+++method+%3D+MutPred2+++++++++++SGE%3A+++++query+by+gene+identifier+++++gene_id+%3D+ENSG00000139618+++method+%3D+SGE+++++++++++VAMP-seq%3A+++++query+by+gene+identifier+++++gene_id+%3D+ENSG00000165841+++method+%3D+VAMP-seq&page=0
/genes/diseases	diseasesFromGenes	verbose=true	400			"{""message"":""At least one gene property must be defined."",""code"":""BAD_REQUEST""}"	https://catalog-api-dserv-1293-example.demo.igvf.org/api/genes/diseases?verbose=true&page=0
/genes/diseases	diseasesFromGenes	gene_id=ENSG00000171759	200	17	list		https://catalog-api-dserv-1293-example.demo.igvf.org/api/genes/diseases?gene_id=ENSG00000171759&page=0
/genes/diseases	diseasesFromGenes	gene_name=PAH	200	17	list		https://catalog-api-dserv-1293-example.demo.igvf.org/api/genes/diseases?gene_name=PAH&page=0
/genes/diseases	diseasesFromGenes	alias=PKU1	200	17	list		https://catalog-api-dserv-1293-example.demo.igvf.org/api/genes/diseases?alias=PKU1&page=0
/genes/diseases	diseasesFromGenes	source=ClinGen	400			"{""message"":""At least one gene property must be defined."",""code"":""BAD_REQUEST""}"	https://catalog-api-dserv-1293-example.demo.igvf.org/api/genes/diseases?source=ClinGen&page=0
/genes/diseases	diseasesFromGenes	hgnc_id=HGNC:8582	200	17	list		https://catalog-api-dserv-1293-example.demo.igvf.org/api/genes/diseases?hgnc_id=HGNC%3A8582&page=0
/genes/genes	genesGenes	gene_id=ENSG00000112592   associated_gene_id = ENSG00000163132   source = BioGRID         Group results     gene_id = ENSG00000112592   source = BioGRID           COXPRESdb:     Single pair result     gene_id = ENSG00000153048   associated_gene_id = ENSG00000233369   source = COXPRESdb         Group results     gene_id = ENSG00000153048   source = COXPRESdb	200	0	list		https://catalog-api-dserv-1293-example.demo.igvf.org/api/genes/genes?gene_id=ENSG00000112592+++associated_gene_id+%3D+ENSG00000163132+++source+%3D+BioGRID+++++++++Group+results+++++gene_id+%3D+ENSG00000112592+++source+%3D+BioGRID+++++++++++COXPRESdb%3A+++++Single+pair+result+++++gene_id+%3D+ENSG00000153048+++associated_gene_id+%3D+ENSG00000233369+++source+%3D+COXPRESdb+++++++++Group+results+++++gene_id+%3D+ENSG00000153048+++source+%3D+COXPRESdb&page=0
/genes/genomic-elements	genomicElementsFromGenes	verbose=true	400			"{""message"":""At least one of those properties must be defined: gene_id, hgnc_id, name, alias, method, files_fileset."",""code"":""BAD_REQUEST""}"	https://catalog-api-dserv-1293-example.demo.igvf.org/api/genes/genomic-elements?verbose=true&page=0
/genes/genomic-elements	genomicElementsFromGenes	gene_id=ENSG00000116198   method = CRISPR screen         Group results     method = CRISPR screen   files_fileset = ENCFF968BZL           ENCODE-rE2G:     query by gene identifier     gene_id = ENSG00000225880   biosample_term = EFO_0002330   method = ENCODE-rE2G         query by files_fileset     files_fileset = ENCFF425TLX   method = ENCODE-rE2G           Perturb-seq:     query by gene identifier     gene_id = ENSG00000123685   method = Perturb-seq         query by files_fileset     files_fileset = IGVFFI3069QCRA   method = Perturb-seq	200	0	list		https://catalog-api-dserv-1293-example.demo.igvf.org/api/genes/genomic-elements?gene_id=ENSG00000116198+++method+%3D+CRISPR+screen+++++++++Group+results+++++method+%3D+CRISPR+screen+++files_fileset+%3D+ENCFF968BZL+++++++++++ENCODE-rE2G%3A+++++query+by+gene+identifier+++++gene_id+%3D+ENSG00000225880+++biosample_term+%3D+EFO_0002330+++method+%3D+ENCODE-rE2G+++++++++query+by+files_fileset+++++files_fileset+%3D+ENCFF425TLX+++method+%3D+ENCODE-rE2G+++++++++++Perturb-seq%3A+++++query+by+gene+identifier+++++gene_id+%3D+ENSG00000123685+++method+%3D+Perturb-seq+++++++++query+by+files_fileset+++++files_fileset+%3D+IGVFFI3069QCRA+++method+%3D+Perturb-seq&page=0
/genes/pathways	pathwaysFromGenes	verbose=true	400			"{""message"":""At least one gene property must be defined."",""code"":""BAD_REQUEST""}"	https://catalog-api-dserv-1293-example.demo.igvf.org/api/genes/pathways?verbose=true&page=0
/genes/pathways	pathwaysFromGenes	gene_id=ENSG00000183840	200	7	list		https://catalog-api-dserv-1293-example.demo.igvf.org/api/genes/pathways?gene_id=ENSG00000183840&page=0
/genes/pathways	pathwaysFromGenes	hgnc_id=HGNC:4496	200	7	list		https://catalog-api-dserv-1293-example.demo.igvf.org/api/genes/pathways?hgnc_id=HGNC%3A4496&page=0
/genes/pathways	pathwaysFromGenes	gene_name=GPR39	200	7	list		https://catalog-api-dserv-1293-example.demo.igvf.org/api/genes/pathways?gene_name=GPR39&page=0
/genes/pathways	pathwaysFromGenes	alias=ZnR	200	7	list		https://catalog-api-dserv-1293-example.demo.igvf.org/api/genes/pathways?alias=ZnR&page=0
/genes/proteins	proteinsFromGenes	verbose=true	400			"{""message"":""At least one gene property must be defined."",""code"":""BAD_REQUEST""}"	https://catalog-api-dserv-1293-example.demo.igvf.org/api/genes/proteins?verbose=true&page=0
/genes/proteins	proteinsFromGenes	gene_name=ATF3	200	9	list		https://catalog-api-dserv-1293-example.demo.igvf.org/api/genes/proteins?gene_name=ATF3&page=0
/genes/proteins	proteinsFromGenes	alias=CKLF	200	8	list		https://catalog-api-dserv-1293-example.demo.igvf.org/api/genes/proteins?alias=CKLF&page=0
/genes/proteins	proteinsFromGenes	gene_id=ENSG00000170558	200	9	list		https://catalog-api-dserv-1293-example.demo.igvf.org/api/genes/proteins?gene_id=ENSG00000170558&page=0
/genes/proteins	proteinsFromGenes	hgnc_id=HGNC:13723	200	11	list		https://catalog-api-dserv-1293-example.demo.igvf.org/api/genes/proteins?hgnc_id=HGNC%3A13723&page=0
/genes/transcripts	transcriptsFromGenes	verbose=true	400			"{""message"":""At least one gene property must be defined."",""code"":""BAD_REQUEST""}"	https://catalog-api-dserv-1293-example.demo.igvf.org/api/genes/transcripts?verbose=true&page=0
/genes/transcripts	transcriptsFromGenes	gene_name=ATF3	200	11	list		https://catalog-api-dserv-1293-example.demo.igvf.org/api/genes/transcripts?gene_name=ATF3&page=0
/genes/transcripts	transcriptsFromGenes	hgnc_id=HGNC:28208	200	4	list		https://catalog-api-dserv-1293-example.demo.igvf.org/api/genes/transcripts?hgnc_id=HGNC%3A28208&page=0
/genes/transcripts	transcriptsFromGenes	alias=CKLF	200	13	list		https://catalog-api-dserv-1293-example.demo.igvf.org/api/genes/transcripts?alias=CKLF&page=0
/genes/transcripts	transcriptsFromGenes	organism=Homo sapiens	400			"{""message"":""At least one gene property must be defined."",""code"":""BAD_REQUEST""}"	https://catalog-api-dserv-1293-example.demo.igvf.org/api/genes/transcripts?organism=Homo+sapiens&page=0
/genes/transcripts	transcriptsFromGenes	gene_id=ENSG00000187642	200	4	list		https://catalog-api-dserv-1293-example.demo.igvf.org/api/genes/transcripts?gene_id=ENSG00000187642&page=0
/genes/variants	variantsFromGenes	gene_id=ENSG00000187642   neg_log10_pvalue = gte:24.5   method = eQTL         Group results     alias = PERM1   method = eQTL           spliceQTL:     Single result     gene_id = ENSG00000188976   neg_log10_pvalue = lt:4.97   effect_size = gt:-0.7   method = spliceQTL         Group results     alias = NOC2L   method = spliceQTL           Variant-EFFECTS:     Single result     gene_id = ENSG00000108179   neg_log10_pvalue = gt:13.1   method = Variant-EFFECTS         Group results     alias = PPIF   method = Variant-EFFECTS	200	0	list		https://catalog-api-dserv-1293-example.demo.igvf.org/api/genes/variants?gene_id=ENSG00000187642+++neg_log10_pvalue+%3D+gte%3A24.5+++method+%3D+eQTL+++++++++Group+results+++++alias+%3D+PERM1+++method+%3D+eQTL+++++++++++spliceQTL%3A+++++Single+result+++++gene_id+%3D+ENSG00000188976+++neg_log10_pvalue+%3D+lt%3A4.97+++effect_size+%3D+gt%3A-0.7+++method+%3D+spliceQTL+++++++++Group+results+++++alias+%3D+NOC2L+++method+%3D+spliceQTL+++++++++++Variant-EFFECTS%3A+++++Single+result+++++gene_id+%3D+ENSG00000108179+++neg_log10_pvalue+%3D+gt%3A13.1+++method+%3D+Variant-EFFECTS+++++++++Group+results+++++alias+%3D+PPIF+++method+%3D+Variant-EFFECTS&page=0
/genomic-elements	genomicElements	region=chr1:1157520-1158189	200	25	list		https://catalog-api-dserv-1293-example.demo.igvf.org/api/genomic-elements?region=chr1%3A1157520-1158189&page=0
/genomic-elements	genomicElements	source_annotation=dELS: distal Enhancer-like signal	200	25	list		https://catalog-api-dserv-1293-example.demo.igvf.org/api/genomic-elements?source_annotation=dELS%3A+distal+Enhancer-like+signal&page=0
/genomic-elements	genomicElements	type=candidate cis regulatory element	200	25	list		https://catalog-api-dserv-1293-example.demo.igvf.org/api/genomic-elements?type=candidate+cis+regulatory+element&page=0
/genomic-elements	genomicElements	files_fileset=IGVFFI5749WPVK	200	25	list		https://catalog-api-dserv-1293-example.demo.igvf.org/api/genomic-elements?files_fileset=IGVFFI5749WPVK&page=0
/genomic-elements	genomicElements	source=ENCODE	200	25	list		https://catalog-api-dserv-1293-example.demo.igvf.org/api/genomic-elements?source=ENCODE&page=0
/genomic-elements/biosamples	biosamplesFromGenomicElements	verbose=true	400			"{""message"":""At least one parameter must be defined."",""code"":""BAD_REQUEST""}"	https://catalog-api-dserv-1293-example.demo.igvf.org/api/genomic-elements/biosamples?verbose=true&page=0
/genomic-elements/biosamples	biosamplesFromGenomicElements	region_type=tested elements	200	25	list		https://catalog-api-dserv-1293-example.demo.igvf.org/api/genomic-elements/biosamples?region_type=tested+elements&page=0
/genomic-elements/biosamples	biosamplesFromGenomicElements	region=chr10:100038743-100038963	200	3	list		https://catalog-api-dserv-1293-example.demo.igvf.org/api/genomic-elements/biosamples?region=chr10%3A100038743-100038963&page=0
/genomic-elements/biosamples	biosamplesFromGenomicElements	files_fileset=ENCFF475FKV	200	25	list		https://catalog-api-dserv-1293-example.demo.igvf.org/api/genomic-elements/biosamples?files_fileset=ENCFF475FKV&page=0
/genomic-elements/biosamples	biosamplesFromGenomicElements	method=MPRA	200	25	list		https://catalog-api-dserv-1293-example.demo.igvf.org/api/genomic-elements/biosamples?method=MPRA&page=0
/genomic-elements/biosamples	biosamplesFromGenomicElements	source=IGVF	200	25	list		https://catalog-api-dserv-1293-example.demo.igvf.org/api/genomic-elements/biosamples?source=IGVF&page=0
/genomic-elements/genes	genesFromGenomicElements	verbose=true	400			"{""message"":""At least one of those properties must be defined: region, files_fileset, method."",""code"":""BAD_REQUEST""}"	https://catalog-api-dserv-1293-example.demo.igvf.org/api/genomic-elements/genes?verbose=true&page=0
/genomic-elements/genes	genesFromGenomicElements	region=chr1:4126791-4126792	200	9	list		https://catalog-api-dserv-1293-example.demo.igvf.org/api/genomic-elements/genes?region=chr1%3A4126791-4126792&page=0
/genomic-elements/variants	variantsFromGenomicElements	region=chr1:976210-976314	200	8	list		https://catalog-api-dserv-1293-example.demo.igvf.org/api/genomic-elements/variants?region=chr1%3A976210-976314&page=0
/genomic-elements/variants	variantsFromGenomicElements	region_type=accessible dna elements	400			"{""message"":""At least one of these properties must be defined: region, method, files_fileset."",""code"":""BAD_REQUEST""}"	https://catalog-api-dserv-1293-example.demo.igvf.org/api/genomic-elements/variants?region_type=accessible+dna+elements&page=0
/genomic-elements/variants	variantsFromGenomicElements	biosample_term=EFO_0002067	400			"{""message"":""At least one of these properties must be defined: region, method, files_fileset."",""code"":""BAD_REQUEST""}"	https://catalog-api-dserv-1293-example.demo.igvf.org/api/genomic-elements/variants?biosample_term=EFO_0002067&page=0
/genomic-elements/variants	variantsFromGenomicElements	biological_context=K562	400			"{""message"":""At least one of these properties must be defined: region, method, files_fileset."",""code"":""BAD_REQUEST""}"	https://catalog-api-dserv-1293-example.demo.igvf.org/api/genomic-elements/variants?biological_context=K562&page=0
/genomic-elements/variants	variantsFromGenomicElements	method=caQTL	200	25	list		https://catalog-api-dserv-1293-example.demo.igvf.org/api/genomic-elements/variants?method=caQTL&page=0
/go-terms/gene-products	annotationsFromGoTerms	go_term_id=GO_1990590	200	17	list		https://catalog-api-dserv-1293-example.demo.igvf.org/api/go-terms/gene-products?go_term_id=GO_1990590&page=0
/go-terms/gene-products	annotationsFromGoTerms	name=has component	400			"{""message"":""Input validation failed"",""code"":""BAD_REQUEST"",""issues"":[{""code"":""invalid_type"",""expected"":""string"",""received"":""undefined"",""path"":[""go_term_id""],""message"":""Required""}]}"	https://catalog-api-dserv-1293-example.demo.igvf.org/api/go-terms/gene-products?name=has+component&page=0
/health	health	(no query examples in description)	200		object		https://catalog-api-dserv-1293-example.demo.igvf.org/api/health
/motifs	motifs	tf_name=STAT3_HUMAN	200	1	list		https://catalog-api-dserv-1293-example.demo.igvf.org/api/motifs?tf_name=STAT3_HUMAN&page=0
/motifs	motifs	source=HOCOMOCOv11	200	25	list		https://catalog-api-dserv-1293-example.demo.igvf.org/api/motifs?source=HOCOMOCOv11&page=0
/motifs/proteins	proteinsFromMotifs	verbose=true	200	38	list		https://catalog-api-dserv-1293-example.demo.igvf.org/api/motifs/proteins?verbose=true&page=0
/motifs/proteins	proteinsFromMotifs	tf_name=ATF1_HUMAN	200	1	list		https://catalog-api-dserv-1293-example.demo.igvf.org/api/motifs/proteins?tf_name=ATF1_HUMAN&page=0
/motifs/proteins	proteinsFromMotifs	source=HOCOMOCOv11	200	25	list		https://catalog-api-dserv-1293-example.demo.igvf.org/api/motifs/proteins?source=HOCOMOCOv11&page=0
/ontology-terms	ontologyTerm	term_id=Orphanet_101435	200	1	list		https://catalog-api-dserv-1293-example.demo.igvf.org/api/ontology-terms?term_id=Orphanet_101435&page=0
/ontology-terms	ontologyTerm	name=Rare genetic eye disease	200	1	list		https://catalog-api-dserv-1293-example.demo.igvf.org/api/ontology-terms?name=Rare+genetic+eye+disease&page=0
/ontology-terms	ontologyTerm	synonyms=WTC11	200	2	list		https://catalog-api-dserv-1293-example.demo.igvf.org/api/ontology-terms?synonyms=WTC11&page=0
/ontology-terms	ontologyTerm	source=EFO	200	25	list		https://catalog-api-dserv-1293-example.demo.igvf.org/api/ontology-terms?source=EFO&page=0
/ontology-terms	ontologyTerm	subontology=molecular_function	200	25	list		https://catalog-api-dserv-1293-example.demo.igvf.org/api/ontology-terms?subontology=molecular_function&page=0
/ontology-terms/{ontology_term_id_start}/transitive-closure/{ontology_term_id_end}	ontologyTermTransitiveClosure	(no query examples in description)	200	1	object[paths]		https://catalog-api-dserv-1293-example.demo.igvf.org/api/ontology-terms/UBERON_0003663/transitive-closure/UBERON_0014892
/pathways	pathways	id=R-HSA-164843	200	1	list		https://catalog-api-dserv-1293-example.demo.igvf.org/api/pathways?id=R-HSA-164843&page=0
/pathways	pathways	name=2-LTR circle formation	200	1	list		https://catalog-api-dserv-1293-example.demo.igvf.org/api/pathways?name=2-LTR+circle+formation&page=0
/pathways	pathways	is_in_disease=true	200	25	list		https://catalog-api-dserv-1293-example.demo.igvf.org/api/pathways?is_in_disease=true&page=0
/pathways	pathways	name_aliases=2-LTR circle formation	200	1	list		https://catalog-api-dserv-1293-example.demo.igvf.org/api/pathways?name_aliases=2-LTR+circle+formation&page=0
/pathways	pathways	is_top_level_pathway=true	200	25	list		https://catalog-api-dserv-1293-example.demo.igvf.org/api/pathways?is_top_level_pathway=true&page=0
/pathways	pathways	disease_ontology_terms=DOID_526	200	25	list		https://catalog-api-dserv-1293-example.demo.igvf.org/api/pathways?disease_ontology_terms=DOID_526&page=0
/pathways	pathways	go_biological_process=GO_0006015	200	1	list		https://catalog-api-dserv-1293-example.demo.igvf.org/api/pathways?go_biological_process=GO_0006015&page=0
/pathways/genes	genesFromPathways	verbose=true	400			"{""message"":""At least one pathway property must be defined."",""code"":""BAD_REQUEST""}"	https://catalog-api-dserv-1293-example.demo.igvf.org/api/pathways/genes?verbose=true&page=0
/pathways/genes	genesFromPathways	pathway_id=R-HSA-164843	200	7	list		https://catalog-api-dserv-1293-example.demo.igvf.org/api/pathways/genes?pathway_id=R-HSA-164843&page=0
/pathways/genes	genesFromPathways	pathway_name=2-LTR circle formation	200	7	list		https://catalog-api-dserv-1293-example.demo.igvf.org/api/pathways/genes?pathway_name=2-LTR+circle+formation&page=0
/pathways/genes	genesFromPathways	name_aliases=2-LTR circle formation	200	7	list		https://catalog-api-dserv-1293-example.demo.igvf.org/api/pathways/genes?name_aliases=2-LTR+circle+formation&page=0
/pathways/genes	genesFromPathways	disease_ontology_terms=DOID_526	200	25	list		https://catalog-api-dserv-1293-example.demo.igvf.org/api/pathways/genes?disease_ontology_terms=DOID_526&page=0
/pathways/genes	genesFromPathways	go_biological_process=GO_0006015	200	3	list		https://catalog-api-dserv-1293-example.demo.igvf.org/api/pathways/genes?go_biological_process=GO_0006015&page=0
/pathways/pathways	pathwaysFromPathways	verbose=true	400			"{""message"":""At least one pathway property must be defined."",""code"":""BAD_REQUEST""}"	https://catalog-api-dserv-1293-example.demo.igvf.org/api/pathways/pathways?verbose=true&page=0
/pathways/pathways	pathwaysFromPathways	pathway_id=R-HSA-164843	200	1	list		https://catalog-api-dserv-1293-example.demo.igvf.org/api/pathways/pathways?pathway_id=R-HSA-164843&page=0
/pathways/pathways	pathwaysFromPathways	pathway_name=2-LTR circle formation	200	1	list		https://catalog-api-dserv-1293-example.demo.igvf.org/api/pathways/pathways?pathway_name=2-LTR+circle+formation&page=0
/pathways/pathways	pathwaysFromPathways	name_aliases=2-LTR circle formation	200	1	list		https://catalog-api-dserv-1293-example.demo.igvf.org/api/pathways/pathways?name_aliases=2-LTR+circle+formation&page=0
/pathways/pathways	pathwaysFromPathways	disease_ontology_terms=DOID_526	200	25	list		https://catalog-api-dserv-1293-example.demo.igvf.org/api/pathways/pathways?disease_ontology_terms=DOID_526&page=0
/pathways/pathways	pathwaysFromPathways	go_biological_process=GO_0006015	200	1	list		https://catalog-api-dserv-1293-example.demo.igvf.org/api/pathways/pathways?go_biological_process=GO_0006015&page=0
/phenotypes/coding-variants	codingVariantsFromPhenotypes	phenotype_id=BAO_0040014   method = DUAL-IPA         query by files_fileset     files_fileset = IGVFFI6224HZMG   method = DUAL-IPA           ESM-1v:     query by phenotype identifier     phenotype_id = GO_0003674   method = ESM-1v         query by files_fileset     files_fileset = IGVFFI8105TNNO   method = ESM-1v           MutPred2:     query by phenotype identifier     phenotype_id = GO_0003674   method = MutPred2         query by files_fileset     files_fileset = IGVFFI6893ZOAA   method = MutPred2           SGE:     query by phenotype identifier     phenotype_id = NCIT_C16407   method = SGE         query by files_fileset     files_fileset = IGVFFI2810SLAX   method = SGE           VAMP-seq:     query by phenotype identifier     phenotype_id = OBA_0000128   method = VAMP-seq         query by files_fileset     files_fileset = IGVFFI0629IIQU   method = VAMP-seq	200	0	list		https://catalog-api-dserv-1293-example.demo.igvf.org/api/phenotypes/coding-variants?phenotype_id=BAO_0040014+++method+%3D+DUAL-IPA+++++++++query+by+files_fileset+++++files_fileset+%3D+IGVFFI6224HZMG+++method+%3D+DUAL-IPA+++++++++++ESM-1v%3A+++++query+by+phenotype+identifier+++++phenotype_id+%3D+GO_0003674+++method+%3D+ESM-1v+++++++++query+by+files_fileset+++++files_fileset+%3D+IGVFFI8105TNNO+++method+%3D+ESM-1v+++++++++++MutPred2%3A+++++query+by+phenotype+identifier+++++phenotype_id+%3D+GO_0003674+++method+%3D+MutPred2+++++++++query+by+files_fileset+++++files_fileset+%3D+IGVFFI6893ZOAA+++method+%3D+MutPred2+++++++++++SGE%3A+++++query+by+phenotype+identifier+++++phenotype_id+%3D+NCIT_C16407+++method+%3D+SGE+++++++++query+by+files_fileset+++++files_fileset+%3D+IGVFFI2810SLAX+++method+%3D+SGE+++++++++++VAMP-seq%3A+++++query+by+phenotype+identifier+++++phenotype_id+%3D+OBA_0000128+++method+%3D+VAMP-seq+++++++++query+by+files_fileset+++++files_fileset+%3D+IGVFFI0629IIQU+++method+%3D+VAMP-seq&page=0
/phenotypes/variants	variantsFromPhenotypes	phenotype_id=EFO_0010325   method = GWAS         Group results     neg_log10_pvalue = gte:5   method = GWAS           SGE:     Query by phenotype identifier     phenotype_id = NCIT_C16407   method = SGE         Query by files_fileset     files_fileset = IGVFFI3125FMNW   method = SGE           cV2F:     query by phenotype identifier     phenotype_id = GO_0003674   method = cV2F         query by files_fileset     files_fileset = IGVFFI3063JRLI   method = cV2F	200	0	list		https://catalog-api-dserv-1293-example.demo.igvf.org/api/phenotypes/variants?phenotype_id=EFO_0010325+++method+%3D+GWAS+++++++++Group+results+++++neg_log10_pvalue+%3D+gte%3A5+++method+%3D+GWAS+++++++++++SGE%3A+++++Query+by+phenotype+identifier+++++phenotype_id+%3D+NCIT_C16407+++method+%3D+SGE+++++++++Query+by+files_fileset+++++files_fileset+%3D+IGVFFI3125FMNW+++method+%3D+SGE+++++++++++cV2F%3A+++++query+by+phenotype+identifier+++++phenotype_id+%3D+GO_0003674+++method+%3D+cV2F+++++++++query+by+files_fileset+++++files_fileset+%3D+IGVFFI3063JRLI+++method+%3D+cV2F&page=0
/proteins	proteins	protein_id=ENSP00000384707	200	1	list		https://catalog-api-dserv-1293-example.demo.igvf.org/api/proteins?protein_id=ENSP00000384707&page=0
/proteins	proteins	name=CTCF	200	11	list		https://catalog-api-dserv-1293-example.demo.igvf.org/api/proteins?name=CTCF&page=0
/proteins	proteins	uniprot_name=CTCF_HUMAN	200	6	list		https://catalog-api-dserv-1293-example.demo.igvf.org/api/proteins?uniprot_name=CTCF_HUMAN&page=0
/proteins	proteins	uniprot_full_name=Transcriptional repressor CTCF	200	6	list		https://catalog-api-dserv-1293-example.demo.igvf.org/api/proteins?uniprot_full_name=Transcriptional+repressor+CTCF&page=0
/proteins	proteins	dbxrefs=P49711	200	6	list		https://catalog-api-dserv-1293-example.demo.igvf.org/api/proteins?dbxrefs=P49711&page=0
/proteins	proteins	organism=Homo sapiens	200	25	list		https://catalog-api-dserv-1293-example.demo.igvf.org/api/proteins?organism=Homo+sapiens&page=0
/proteins/complexes	complexesFromProteins	verbose=true	400			"{""message"":""At least one of the following parameters must be defined: protein_id, name, uniprot_name or uniprot_full_name."",""code"":""BAD_REQUEST""}"	https://catalog-api-dserv-1293-example.demo.igvf.org/api/proteins/complexes?verbose=true&page=0
/proteins/complexes	complexesFromProteins	protein_id=ENSP00000411322.1	200	25	list		https://catalog-api-dserv-1293-example.demo.igvf.org/api/proteins/complexes?protein_id=ENSP00000411322.1&page=0
/proteins/complexes	complexesFromProteins	protein_name=CSNK2B	200	25	list		https://catalog-api-dserv-1293-example.demo.igvf.org/api/proteins/complexes?protein_name=CSNK2B&page=0
/proteins/complexes	complexesFromProteins	uniprot_name=CSK2B_HUMAN	200	25	list		https://catalog-api-dserv-1293-example.demo.igvf.org/api/proteins/complexes?uniprot_name=CSK2B_HUMAN&page=0
/proteins/complexes	complexesFromProteins	uniprot_full_name=Casein kinase II subunit beta	200	25	list		https://catalog-api-dserv-1293-example.demo.igvf.org/api/proteins/complexes?uniprot_full_name=Casein+kinase+II+subunit+beta&page=0
/proteins/complexes	complexesFromProteins	dbxrefs=P67870	400			"{""message"":""At least one of the following parameters must be defined: protein_id, name, uniprot_name or uniprot_full_name."",""code"":""BAD_REQUEST""}"	https://catalog-api-dserv-1293-example.demo.igvf.org/api/proteins/complexes?dbxrefs=P67870&page=0
/proteins/genes	genesFromProteins	verbose=true	200	25	list		https://catalog-api-dserv-1293-example.demo.igvf.org/api/proteins/genes?verbose=true&page=0
/proteins/genes	genesFromProteins	protein_id=ENSP00000384707	200	1	list		https://catalog-api-dserv-1293-example.demo.igvf.org/api/proteins/genes?protein_id=ENSP00000384707&page=0
/proteins/genes	genesFromProteins	protein_name=CTCF	200	11	list		https://catalog-api-dserv-1293-example.demo.igvf.org/api/proteins/genes?protein_name=CTCF&page=0
/proteins/genes	genesFromProteins	uniprot_name=CTCF_HUMAN	200	6	list		https://catalog-api-dserv-1293-example.demo.igvf.org/api/proteins/genes?uniprot_name=CTCF_HUMAN&page=0
/proteins/genes	genesFromProteins	uniprot_full_name=Transcriptional repressor CTCF	200	6	list		https://catalog-api-dserv-1293-example.demo.igvf.org/api/proteins/genes?uniprot_full_name=Transcriptional+repressor+CTCF&page=0
/proteins/genes	genesFromProteins	dbxrefs=P49711	200	6	list		https://catalog-api-dserv-1293-example.demo.igvf.org/api/proteins/genes?dbxrefs=P49711&page=0
/proteins/genes	genesFromProteins	organism=Homo sapiens	200	25	list		https://catalog-api-dserv-1293-example.demo.igvf.org/api/proteins/genes?organism=Homo+sapiens&page=0
/proteins/motifs	motifsFromProteins	verbose=true	200	38	list		https://catalog-api-dserv-1293-example.demo.igvf.org/api/proteins/motifs?verbose=true&page=0
/proteins/motifs	motifsFromProteins	protein_id=ENSP00000384707	200	2	list		https://catalog-api-dserv-1293-example.demo.igvf.org/api/proteins/motifs?protein_id=ENSP00000384707&page=0
/proteins/motifs	motifsFromProteins	protein_name=CTCF	200	12	list		https://catalog-api-dserv-1293-example.demo.igvf.org/api/proteins/motifs?protein_name=CTCF&page=0
/proteins/motifs	motifsFromProteins	uniprot_name=CTCF_HUMAN	200	12	list		https://catalog-api-dserv-1293-example.demo.igvf.org/api/proteins/motifs?uniprot_name=CTCF_HUMAN&page=0
/proteins/motifs	motifsFromProteins	uniprot_full_name=Transcriptional repressor CTCF	200	12	list		https://catalog-api-dserv-1293-example.demo.igvf.org/api/proteins/motifs?uniprot_full_name=Transcriptional+repressor+CTCF&page=0
/proteins/motifs	motifsFromProteins	dbxrefs=P49711	200	12	list		https://catalog-api-dserv-1293-example.demo.igvf.org/api/proteins/motifs?dbxrefs=P49711&page=0
/proteins/motifs	motifsFromProteins	organism=Homo sapiens	200	38	list		https://catalog-api-dserv-1293-example.demo.igvf.org/api/proteins/motifs?organism=Homo+sapiens&page=0
/proteins/proteins	proteinsProteins	verbose=true	400			"{""message"":""At least one protein must be defined."",""code"":""BAD_REQUEST""}"	https://catalog-api-dserv-1293-example.demo.igvf.org/api/proteins/proteins?verbose=true&page=0
/proteins/proteins	proteinsProteins	protein_id=ENSP00000384707.1	200	25	list		https://catalog-api-dserv-1293-example.demo.igvf.org/api/proteins/proteins?protein_id=ENSP00000384707.1&page=0
/proteins/proteins	proteinsProteins	protein_name=CTCF	200	25	list		https://catalog-api-dserv-1293-example.demo.igvf.org/api/proteins/proteins?protein_name=CTCF&page=0
/proteins/proteins	proteinsProteins	uniprot_name=CTCF_HUMAN	200	25	list		https://catalog-api-dserv-1293-example.demo.igvf.org/api/proteins/proteins?uniprot_name=CTCF_HUMAN&page=0
/proteins/proteins	proteinsProteins	uniprot_full_name=Transcriptional repressor CTCF	200	25	list		https://catalog-api-dserv-1293-example.demo.igvf.org/api/proteins/proteins?uniprot_full_name=Transcriptional+repressor+CTCF&page=0
/proteins/proteins	proteinsProteins	dbxrefs=P49711	200	25	list		https://catalog-api-dserv-1293-example.demo.igvf.org/api/proteins/proteins?dbxrefs=P49711&page=0
/proteins/proteins	proteinsProteins	detection_method=affinity chromatography technology	400			"{""message"":""At least one protein must be defined."",""code"":""BAD_REQUEST""}"	https://catalog-api-dserv-1293-example.demo.igvf.org/api/proteins/proteins?detection_method=affinity+chromatography+technology&page=0
/proteins/proteins	proteinsProteins	interaction_type=physical association	400			"{""message"":""At least one protein must be defined."",""code"":""BAD_REQUEST""}"	https://catalog-api-dserv-1293-example.demo.igvf.org/api/proteins/proteins?interaction_type=physical+association&page=0
/proteins/proteins	proteinsProteins	pmid=28514442	200	25	list		https://catalog-api-dserv-1293-example.demo.igvf.org/api/proteins/proteins?pmid=28514442&page=0
/proteins/proteins	proteinsProteins	associated_protein_id=ENSP00000428899	200	25	list		https://catalog-api-dserv-1293-example.demo.igvf.org/api/proteins/proteins?associated_protein_id=ENSP00000428899&page=0
/proteins/proteins	proteinsProteins	associated_protein_name=TNPO1	200	25	list		https://catalog-api-dserv-1293-example.demo.igvf.org/api/proteins/proteins?associated_protein_name=TNPO1&page=0
/proteins/proteins	proteinsProteins	associated_uniprot_name=TNPO1_HUMAN	200	25	list		https://catalog-api-dserv-1293-example.demo.igvf.org/api/proteins/proteins?associated_uniprot_name=TNPO1_HUMAN&page=0
/proteins/proteins	proteinsProteins	associated_uniprot_full_name=Transportin-1	200	25	list		https://catalog-api-dserv-1293-example.demo.igvf.org/api/proteins/proteins?associated_uniprot_full_name=Transportin-1&page=0
/proteins/proteins	proteinsProteins	associated_dbxrefs=DIP-29335N	200	25	list		https://catalog-api-dserv-1293-example.demo.igvf.org/api/proteins/proteins?associated_dbxrefs=DIP-29335N&page=0
/proteins/proteins	proteinsProteins	label=affinity chromatography technology	400			"{""message"":""At least one protein must be defined."",""code"":""BAD_REQUEST""}"	https://catalog-api-dserv-1293-example.demo.igvf.org/api/proteins/proteins?label=affinity+chromatography+technology&page=0
/proteins/proteins	proteinsProteins	method=physical association	400			"{""message"":""At least one protein must be defined."",""code"":""BAD_REQUEST""}"	https://catalog-api-dserv-1293-example.demo.igvf.org/api/proteins/proteins?method=physical+association&page=0
/proteins/proteins	proteinsProteins	source=BioGRID	400			"{""message"":""At least one protein must be defined."",""code"":""BAD_REQUEST""}"	https://catalog-api-dserv-1293-example.demo.igvf.org/api/proteins/proteins?source=BioGRID&page=0
/proteins/proteins	proteinsProteins	organism=Homo sapiens	400			"{""message"":""At least one protein must be defined."",""code"":""BAD_REQUEST""}"	https://catalog-api-dserv-1293-example.demo.igvf.org/api/proteins/proteins?organism=Homo+sapiens&page=0
/proteins/transcripts	transcriptsFromProteins	verbose=true	200	25	list		https://catalog-api-dserv-1293-example.demo.igvf.org/api/proteins/transcripts?verbose=true&page=0
/proteins/transcripts	transcriptsFromProteins	protein_name=CTCF	200	11	list		https://catalog-api-dserv-1293-example.demo.igvf.org/api/proteins/transcripts?protein_name=CTCF&page=0
/proteins/transcripts	transcriptsFromProteins	uniprot_name=CTCF_HUMAN	200	6	list		https://catalog-api-dserv-1293-example.demo.igvf.org/api/proteins/transcripts?uniprot_name=CTCF_HUMAN&page=0
/proteins/transcripts	transcriptsFromProteins	uniprot_full_name=Transcriptional repressor CTCF	200	6	list		https://catalog-api-dserv-1293-example.demo.igvf.org/api/proteins/transcripts?uniprot_full_name=Transcriptional+repressor+CTCF&page=0
/proteins/transcripts	transcriptsFromProteins	dbxrefs=P49711	200	6	list		https://catalog-api-dserv-1293-example.demo.igvf.org/api/proteins/transcripts?dbxrefs=P49711&page=0
/proteins/transcripts	transcriptsFromProteins	protein_id=ENSP00000384707	200	1	list		https://catalog-api-dserv-1293-example.demo.igvf.org/api/proteins/transcripts?protein_id=ENSP00000384707&page=0
/proteins/transcripts	transcriptsFromProteins	organism=Homo sapiens	200	25	list		https://catalog-api-dserv-1293-example.demo.igvf.org/api/proteins/transcripts?organism=Homo+sapiens&page=0
/proteins/variants	variantsFromProteins	verbose=true	400			"{""message"":""At least one protein property or method or files_fileset must be defined."",""code"":""BAD_REQUEST""}"	https://catalog-api-dserv-1293-example.demo.igvf.org/api/proteins/variants?verbose=true&page=0
/proteins/variants	variantsFromProteins	protein_id=ENSP00000281043   method = ADASTRA           GVATdb:     query by protein identifier     protein_id = ENSP00000315417   method = GVATdb           SEMVAR:     query by protein identifier     protein_id = ENSP00000351458   method = SEMVAR         query by files_fileset     files_fileset = IGVFFI0005WRQP   method = SEMVAR           pQTL:     query by protein identifier     protein_id = ENSP00000263100   method = pQTL	200	0	list		https://catalog-api-dserv-1293-example.demo.igvf.org/api/proteins/variants?protein_id=ENSP00000281043+++method+%3D+ADASTRA+++++++++++GVATdb%3A+++++query+by+protein+identifier+++++protein_id+%3D+ENSP00000315417+++method+%3D+GVATdb+++++++++++SEMVAR%3A+++++query+by+protein+identifier+++++protein_id+%3D+ENSP00000351458+++method+%3D+SEMVAR+++++++++query+by+files_fileset+++++files_fileset+%3D+IGVFFI0005WRQP+++method+%3D+SEMVAR+++++++++++pQTL%3A+++++query+by+protein+identifier+++++protein_id+%3D+ENSP00000263100+++method+%3D+pQTL&page=0
/qtls	qtls	spdi=NC_000001.11:40241653:TGAA:TGAAATTGAA   method = eQTL         Group results     gene_id = ENSG00000259943   method = eQTL           spliceQTL:     query by variant identifier     variant_id = NC_000001.11:898757:AAAAAA:AAAAAAA   method = spliceQTL         query by gene identifier     gene_id = ENSG00000131236   method = spliceQTL           pQTL:     query by variant identifier     variant_id = NC_000002.12:27508072:T:C   method = pQTL         query by gene identifier     gene_id = ENSG00000084734   method = pQTL           caQTL:     Single result     variant_id = NC_000001.11:40241653:TGAA:TGAAATTGAA   method = caQTL         Group results     region = chr1:40232650-40241654   method = caQTL	200	0	list		https://catalog-api-dserv-1293-example.demo.igvf.org/api/qtls?spdi=NC_000001.11%3A40241653%3ATGAA%3ATGAAATTGAA+++method+%3D+eQTL+++++++++Group+results+++++gene_id+%3D+ENSG00000259943+++method+%3D+eQTL+++++++++++spliceQTL%3A+++++query+by+variant+identifier+++++variant_id+%3D+NC_000001.11%3A898757%3AAAAAAA%3AAAAAAAA+++method+%3D+spliceQTL+++++++++query+by+gene+identifier+++++gene_id+%3D+ENSG00000131236+++method+%3D+spliceQTL+++++++++++pQTL%3A+++++query+by+variant+identifier+++++variant_id+%3D+NC_000002.12%3A27508072%3AT%3AC+++method+%3D+pQTL+++++++++query+by+gene+identifier+++++gene_id+%3D+ENSG00000084734+++method+%3D+pQTL+++++++++++caQTL%3A+++++Single+result+++++variant_id+%3D+NC_000001.11%3A40241653%3ATGAA%3ATGAAATTGAA+++method+%3D+caQTL+++++++++Group+results+++++region+%3D+chr1%3A40232650-40241654+++method+%3D+caQTL&page=0
/studies	studies	study_id=GCST007798	200	1	list		https://catalog-api-dserv-1293-example.demo.igvf.org/api/studies?study_id=GCST007798&page=0
/studies	studies	pmid=30929738	200	4	list		https://catalog-api-dserv-1293-example.demo.igvf.org/api/studies?pmid=30929738&page=0
/transcripts	transcripts	region=chr20:9537369-9839076	200	6	list		https://catalog-api-dserv-1293-example.demo.igvf.org/api/transcripts?region=chr20%3A9537369-9839076&page=0
/transcripts	transcripts	transcript_type=protein_coding	200	25	list		https://catalog-api-dserv-1293-example.demo.igvf.org/api/transcripts?transcript_type=protein_coding&page=0
/transcripts	transcripts	transcript_id=ENST00000443707	200	1	list		https://catalog-api-dserv-1293-example.demo.igvf.org/api/transcripts?transcript_id=ENST00000443707&page=0
/transcripts	transcripts	organism=Homo sapiens	200	25	list		https://catalog-api-dserv-1293-example.demo.igvf.org/api/transcripts?organism=Homo+sapiens&page=0
/transcripts/genes	genesFromTranscripts	verbose=true	400			"{""message"":""At least one query parameter must be defined."",""code"":""BAD_REQUEST""}"	https://catalog-api-dserv-1293-example.demo.igvf.org/api/transcripts/genes?verbose=true&page=0
/transcripts/genes	genesFromTranscripts	transcript_id=ENST00000440782	200	1	list		https://catalog-api-dserv-1293-example.demo.igvf.org/api/transcripts/genes?transcript_id=ENST00000440782&page=0
/transcripts/genes	genesFromTranscripts	region=chr1:711800-740000	200	11	list		https://catalog-api-dserv-1293-example.demo.igvf.org/api/transcripts/genes?region=chr1%3A711800-740000&page=0
/transcripts/genes	genesFromTranscripts	transcript_type=protein_coding	200	25	list		https://catalog-api-dserv-1293-example.demo.igvf.org/api/transcripts/genes?transcript_type=protein_coding&page=0
/transcripts/genes	genesFromTranscripts	organism=Homo sapiens	400			"{""message"":""At least one query parameter must be defined."",""code"":""BAD_REQUEST""}"	https://catalog-api-dserv-1293-example.demo.igvf.org/api/transcripts/genes?organism=Homo+sapiens&page=0
/transcripts/proteins	proteinsFromTranscripts	verbose=true	400			"{""message"":""At least one transcript parameter must be defined."",""code"":""BAD_REQUEST""}"	https://catalog-api-dserv-1293-example.demo.igvf.org/api/transcripts/proteins?verbose=true&page=0
/transcripts/proteins	proteinsFromTranscripts	transcript_id=ENST00000264010	200	1	list		https://catalog-api-dserv-1293-example.demo.igvf.org/api/transcripts/proteins?transcript_id=ENST00000264010&page=0
/transcripts/proteins	proteinsFromTranscripts	region=chr16:67562500-67640000	200	11	list		https://catalog-api-dserv-1293-example.demo.igvf.org/api/transcripts/proteins?region=chr16%3A67562500-67640000&page=0
/transcripts/proteins	proteinsFromTranscripts	transcript_type=protein_coding	200	25	list		https://catalog-api-dserv-1293-example.demo.igvf.org/api/transcripts/proteins?transcript_type=protein_coding&page=0
/transcripts/proteins	proteinsFromTranscripts	organism=Homo sapiens	400			"{""message"":""At least one transcript parameter must be defined."",""code"":""BAD_REQUEST""}"	https://catalog-api-dserv-1293-example.demo.igvf.org/api/transcripts/proteins?organism=Homo+sapiens&page=0
/variants	variants	organism=Homo sapiens	400			"{""message"":""At least one of these properties must be defined: spdi, hgvs, rsid, ca_id, variant_id, region"",""code"":""BAD_REQUEST""}"	https://catalog-api-dserv-1293-example.demo.igvf.org/api/variants?organism=Homo+sapiens&page=0
/variants	variants	mouse_strain=CAST_EiJ	400			"{""message"":""At least one of these properties must be defined: spdi, hgvs, rsid, ca_id, variant_id, region"",""code"":""BAD_REQUEST""}"	https://catalog-api-dserv-1293-example.demo.igvf.org/api/variants?mouse_strain=CAST_EiJ&page=0
/variants	variants	region=chr1:1157520-1158189	200	25	list		https://catalog-api-dserv-1293-example.demo.igvf.org/api/variants?region=chr1%3A1157520-1158189&page=0
/variants	variants	GENCODE_category=coding	400			"{""message"":""At least one of these properties must be defined: spdi, hgvs, rsid, ca_id, variant_id, region"",""code"":""BAD_REQUEST""}"	https://catalog-api-dserv-1293-example.demo.igvf.org/api/variants?GENCODE_category=coding&page=0
/variants	variants	rsid=rs58658771	200	3	list		https://catalog-api-dserv-1293-example.demo.igvf.org/api/variants?rsid=rs58658771&page=0
/variants	variants	spdi=NC_000020.11:3658947:A:G	200	1	list		https://catalog-api-dserv-1293-example.demo.igvf.org/api/variants?spdi=NC_000020.11%3A3658947%3AA%3AG&page=0
/variants	variants	hgvs=NC_000020.11:g.3658948A>G	200	1	list		https://catalog-api-dserv-1293-example.demo.igvf.org/api/variants?hgvs=NC_000020.11%3Ag.3658948A%3EG&page=0
/variants	variants	ca_id=CA739473472	200	1	list		https://catalog-api-dserv-1293-example.demo.igvf.org/api/variants?ca_id=CA739473472&page=0
/variants	variants	variant_id=NC_000020.11:3658947:A:G	200	1	list		https://catalog-api-dserv-1293-example.demo.igvf.org/api/variants?variant_id=NC_000020.11%3A3658947%3AA%3AG&page=0
/variants/biosamples	biosamplesFromVariants	spdi=NC_000001.11:1000161:C:A   method = MPRA         query by region     region = chr1:1000160-1000163	200	0	list		https://catalog-api-dserv-1293-example.demo.igvf.org/api/variants/biosamples?spdi=NC_000001.11%3A1000161%3AC%3AA+++method+%3D+MPRA+++++++++query+by+region+++++region+%3D+chr1%3A1000160-1000163&page=0
/variants/coding-variants	codingVariantsFromVariants	variant_id=NC_000001.11:65564:A:T	200	1	list		https://catalog-api-dserv-1293-example.demo.igvf.org/api/variants/coding-variants?variant_id=NC_000001.11%3A65564%3AA%3AT&page=0
/variants/coding-variants	codingVariantsFromVariants	spdi=NC_000001.11:65564:A:T	200	1	list		https://catalog-api-dserv-1293-example.demo.igvf.org/api/variants/coding-variants?spdi=NC_000001.11%3A65564%3AA%3AT&page=0
/variants/coding-variants	codingVariantsFromVariants	hgvs=NC_000001.11:g.65565A>T	200	1	list		https://catalog-api-dserv-1293-example.demo.igvf.org/api/variants/coding-variants?hgvs=NC_000001.11%3Ag.65565A%3ET&page=0
/variants/coding-variants	codingVariantsFromVariants	ca_id=CA337806511	200	6	list		https://catalog-api-dserv-1293-example.demo.igvf.org/api/variants/coding-variants?ca_id=CA337806511&page=0
/variants/diseases	diseaseFromVariants	variant_id=NC_000012.12:102917129:T:C	200	1	list		https://catalog-api-dserv-1293-example.demo.igvf.org/api/variants/diseases?variant_id=NC_000012.12%3A102917129%3AT%3AC&page=0
/variants/diseases	diseaseFromVariants	spdi=NC_000012.12:102917129:T:C	200	1	list		https://catalog-api-dserv-1293-example.demo.igvf.org/api/variants/diseases?spdi=NC_000012.12%3A102917129%3AT%3AC&page=0
/variants/diseases	diseaseFromVariants	hgvs=NC_000012.12:g.102917130T>C	200	1	list		https://catalog-api-dserv-1293-example.demo.igvf.org/api/variants/diseases?hgvs=NC_000012.12%3Ag.102917130T%3EC&page=0
/variants/diseases	diseaseFromVariants	rsid=rs62514891	200	2	list		https://catalog-api-dserv-1293-example.demo.igvf.org/api/variants/diseases?rsid=rs62514891&page=0
/variants/diseases	diseaseFromVariants	ca_id=CA114360	200	1	list		https://catalog-api-dserv-1293-example.demo.igvf.org/api/variants/diseases?ca_id=CA114360&page=0
/variants/diseases	diseaseFromVariants	region=chr12:102866500-102866700	200	25	list		https://catalog-api-dserv-1293-example.demo.igvf.org/api/variants/diseases?region=chr12%3A102866500-102866700&page=0
/variants/diseases	diseaseFromVariants	assertion=Pathogenic	400			"{""message"":""At least one node property for variant / disease must be defined."",""code"":""BAD_REQUEST""}"	https://catalog-api-dserv-1293-example.demo.igvf.org/api/variants/diseases?assertion=Pathogenic&page=0
/variants/diseases	diseaseFromVariants	pmid=2574002	400			"{""message"":""At least one node property for variant / disease must be defined."",""code"":""BAD_REQUEST""}"	https://catalog-api-dserv-1293-example.demo.igvf.org/api/variants/diseases?pmid=2574002&page=0
/variants/drugs	drugsFromVariants	verbose=true	400			"{""message"":""At least one node property for variant / drug must be defined."",""code"":""BAD_REQUEST""}"	https://catalog-api-dserv-1293-example.demo.igvf.org/api/variants/drugs?verbose=true&page=0
/variants/drugs	drugsFromVariants	variant_id=NC_000001.11:230714139:T:G	200	3	list		https://catalog-api-dserv-1293-example.demo.igvf.org/api/variants/drugs?variant_id=NC_000001.11%3A230714139%3AT%3AG&page=0
/variants/drugs	drugsFromVariants	spdi=NC_000001.11:230714139:T:G	200	3	list		https://catalog-api-dserv-1293-example.demo.igvf.org/api/variants/drugs?spdi=NC_000001.11%3A230714139%3AT%3AG&page=0
/variants/drugs	drugsFromVariants	hgvs=NC_000001.11:g.230714140T>G	200	3	list		https://catalog-api-dserv-1293-example.demo.igvf.org/api/variants/drugs?hgvs=NC_000001.11%3Ag.230714140T%3EG&page=0
/variants/drugs	drugsFromVariants	rsid=rs5050	200	3	list		https://catalog-api-dserv-1293-example.demo.igvf.org/api/variants/drugs?rsid=rs5050&page=0
/variants/drugs	drugsFromVariants	ca_id=CA10610220	200	3	list		https://catalog-api-dserv-1293-example.demo.igvf.org/api/variants/drugs?ca_id=CA10610220&page=0
/variants/drugs	drugsFromVariants	region=chr3:186741137-186742238	200	1	list		https://catalog-api-dserv-1293-example.demo.igvf.org/api/variants/drugs?region=chr3%3A186741137-186742238&page=0
/variants/drugs	drugsFromVariants	pmid=20824505	400			"{""message"":""At least one node property for variant / drug must be defined."",""code"":""BAD_REQUEST""}"	https://catalog-api-dserv-1293-example.demo.igvf.org/api/variants/drugs?pmid=20824505&page=0
/variants/drugs	drugsFromVariants	phenotype_categories=Toxicity	400			"{""message"":""At least one node property for variant / drug must be defined."",""code"":""BAD_REQUEST""}"	https://catalog-api-dserv-1293-example.demo.igvf.org/api/variants/drugs?phenotype_categories=Toxicity&page=0
/variants/freq	variantByFrequencySource	region=chr3:186741137-186742238	400			"{""message"":""Input validation failed"",""code"":""BAD_REQUEST"",""issues"":[{""expected"":""'bravo_af' | 'gnomad_af_total' | 'gnomad_af_afr' | 'gnomad_af_afr_female' | 'gnomad_af_afr_male' | 'gnomad_af_ami' | 'gnomad_af_ami_female' | 'gnomad_af_ami_male' | 'gnomad_af_amr' | 'gnomad_af_amr_female' | 'gnomad_af_amr_male' | 'gnomad_af_asj' | 'gnomad_af_asj_female' | 'gnomad_af_asj_male' | 'gnomad_af_eas' | 'gnomad_af_eas_female' | 'gnomad_af_eas_male' | 'gnomad_af_female' | 'gnomad_af_fin' | 'gnomad_af_fin_female' | 'gnomad_af_fin_male' | 'gnomad_af_male' | 'gnomad_af_nfe' | 'gnomad_af_nfe_female' | 'gnomad_af_nfe_male' | 'gnomad_af_oth' | 'gnomad_af_oth_female' | 'gnomad_af_oth_male' | 'gnomad_af_sas' | 'gnomad_af_sas_male' | 'gnomad_af_sas_female' | 'gnomad_af_raw'"",""received"":""undefined"",""code"":""invalid_type"",""path"":[""source""],""message"":""Required""}]}"	https://catalog-api-dserv-1293-example.demo.igvf.org/api/variants/freq?region=chr3%3A186741137-186742238&page=0
/variants/freq	variantByFrequencySource	source=bravo_af	400			"{""message"":""At least one of these properties must be defined: spdi, hgvs, rsid, ca_id, variant_id, region"",""code"":""BAD_REQUEST""}"	https://catalog-api-dserv-1293-example.demo.igvf.org/api/variants/freq?source=bravo_af&page=0
/variants/freq	variantByFrequencySource	GENCODE_category=coding	400			"{""message"":""Input validation failed"",""code"":""BAD_REQUEST"",""issues"":[{""expected"":""'bravo_af' | 'gnomad_af_total' | 'gnomad_af_afr' | 'gnomad_af_afr_female' | 'gnomad_af_afr_male' | 'gnomad_af_ami' | 'gnomad_af_ami_female' | 'gnomad_af_ami_male' | 'gnomad_af_amr' | 'gnomad_af_amr_female' | 'gnomad_af_amr_male' | 'gnomad_af_asj' | 'gnomad_af_asj_female' | 'gnomad_af_asj_male' | 'gnomad_af_eas' | 'gnomad_af_eas_female' | 'gnomad_af_eas_male' | 'gnomad_af_female' | 'gnomad_af_fin' | 'gnomad_af_fin_female' | 'gnomad_af_fin_male' | 'gnomad_af_male' | 'gnomad_af_nfe' | 'gnomad_af_nfe_female' | 'gnomad_af_nfe_male' | 'gnomad_af_oth' | 'gnomad_af_oth_female' | 'gnomad_af_oth_male' | 'gnomad_af_sas' | 'gnomad_af_sas_male' | 'gnomad_af_sas_female' | 'gnomad_af_raw'"",""received"":""undefined"",""code"":""invalid_type"",""path"":[""source""],""message"":""Required""}]}"	https://catalog-api-dserv-1293-example.demo.igvf.org/api/variants/freq?GENCODE_category=coding&page=0
/variants/freq	variantByFrequencySource	spdi=NC_000003.12:186741142:G:A	400			"{""message"":""Input validation failed"",""code"":""BAD_REQUEST"",""issues"":[{""expected"":""'bravo_af' | 'gnomad_af_total' | 'gnomad_af_afr' | 'gnomad_af_afr_female' | 'gnomad_af_afr_male' | 'gnomad_af_ami' | 'gnomad_af_ami_female' | 'gnomad_af_ami_male' | 'gnomad_af_amr' | 'gnomad_af_amr_female' | 'gnomad_af_amr_male' | 'gnomad_af_asj' | 'gnomad_af_asj_female' | 'gnomad_af_asj_male' | 'gnomad_af_eas' | 'gnomad_af_eas_female' | 'gnomad_af_eas_male' | 'gnomad_af_female' | 'gnomad_af_fin' | 'gnomad_af_fin_female' | 'gnomad_af_fin_male' | 'gnomad_af_male' | 'gnomad_af_nfe' | 'gnomad_af_nfe_female' | 'gnomad_af_nfe_male' | 'gnomad_af_oth' | 'gnomad_af_oth_female' | 'gnomad_af_oth_male' | 'gnomad_af_sas' | 'gnomad_af_sas_male' | 'gnomad_af_sas_female' | 'gnomad_af_raw'"",""received"":""undefined"",""code"":""invalid_type"",""path"":[""source""],""message"":""Required""}]}"	https://catalog-api-dserv-1293-example.demo.igvf.org/api/variants/freq?spdi=NC_000003.12%3A186741142%3AG%3AA&page=0
/variants/freq	variantByFrequencySource	hgvs=NC_000003.12:g.186741143G>A	400			"{""message"":""Input validation failed"",""code"":""BAD_REQUEST"",""issues"":[{""expected"":""'bravo_af' | 'gnomad_af_total' | 'gnomad_af_afr' | 'gnomad_af_afr_female' | 'gnomad_af_afr_male' | 'gnomad_af_ami' | 'gnomad_af_ami_female' | 'gnomad_af_ami_male' | 'gnomad_af_amr' | 'gnomad_af_amr_female' | 'gnomad_af_amr_male' | 'gnomad_af_asj' | 'gnomad_af_asj_female' | 'gnomad_af_asj_male' | 'gnomad_af_eas' | 'gnomad_af_eas_female' | 'gnomad_af_eas_male' | 'gnomad_af_female' | 'gnomad_af_fin' | 'gnomad_af_fin_female' | 'gnomad_af_fin_male' | 'gnomad_af_male' | 'gnomad_af_nfe' | 'gnomad_af_nfe_female' | 'gnomad_af_nfe_male' | 'gnomad_af_oth' | 'gnomad_af_oth_female' | 'gnomad_af_oth_male' | 'gnomad_af_sas' | 'gnomad_af_sas_male' | 'gnomad_af_sas_female' | 'gnomad_af_raw'"",""received"":""undefined"",""code"":""invalid_type"",""path"":[""source""],""message"":""Required""}]}"	https://catalog-api-dserv-1293-example.demo.igvf.org/api/variants/freq?hgvs=NC_000003.12%3Ag.186741143G%3EA&page=0
/variants/freq	variantByFrequencySource	rsid=rs1720801112	400			"{""message"":""Input validation failed"",""code"":""BAD_REQUEST"",""issues"":[{""expected"":""'bravo_af' | 'gnomad_af_total' | 'gnomad_af_afr' | 'gnomad_af_afr_female' | 'gnomad_af_afr_male' | 'gnomad_af_ami' | 'gnomad_af_ami_female' | 'gnomad_af_ami_male' | 'gnomad_af_amr' | 'gnomad_af_amr_female' | 'gnomad_af_amr_male' | 'gnomad_af_asj' | 'gnomad_af_asj_female' | 'gnomad_af_asj_male' | 'gnomad_af_eas' | 'gnomad_af_eas_female' | 'gnomad_af_eas_male' | 'gnomad_af_female' | 'gnomad_af_fin' | 'gnomad_af_fin_female' | 'gnomad_af_fin_male' | 'gnomad_af_male' | 'gnomad_af_nfe' | 'gnomad_af_nfe_female' | 'gnomad_af_nfe_male' | 'gnomad_af_oth' | 'gnomad_af_oth_female' | 'gnomad_af_oth_male' | 'gnomad_af_sas' | 'gnomad_af_sas_male' | 'gnomad_af_sas_female' | 'gnomad_af_raw'"",""received"":""undefined"",""code"":""invalid_type"",""path"":[""source""],""message"":""Required""}]}"	https://catalog-api-dserv-1293-example.demo.igvf.org/api/variants/freq?rsid=rs1720801112&page=0
/variants/freq	variantByFrequencySource	ca_id=CA739473472	400			"{""message"":""Input validation failed"",""code"":""BAD_REQUEST"",""issues"":[{""expected"":""'bravo_af' | 'gnomad_af_total' | 'gnomad_af_afr' | 'gnomad_af_afr_female' | 'gnomad_af_afr_male' | 'gnomad_af_ami' | 'gnomad_af_ami_female' | 'gnomad_af_ami_male' | 'gnomad_af_amr' | 'gnomad_af_amr_female' | 'gnomad_af_amr_male' | 'gnomad_af_asj' | 'gnomad_af_asj_female' | 'gnomad_af_asj_male' | 'gnomad_af_eas' | 'gnomad_af_eas_female' | 'gnomad_af_eas_male' | 'gnomad_af_female' | 'gnomad_af_fin' | 'gnomad_af_fin_female' | 'gnomad_af_fin_male' | 'gnomad_af_male' | 'gnomad_af_nfe' | 'gnomad_af_nfe_female' | 'gnomad_af_nfe_male' | 'gnomad_af_oth' | 'gnomad_af_oth_female' | 'gnomad_af_oth_male' | 'gnomad_af_sas' | 'gnomad_af_sas_male' | 'gnomad_af_sas_female' | 'gnomad_af_raw'"",""received"":""undefined"",""code"":""invalid_type"",""path"":[""source""],""message"":""Required""}]}"	https://catalog-api-dserv-1293-example.demo.igvf.org/api/variants/freq?ca_id=CA739473472&page=0
/variants/genes	genesFromVariants	spdi=NC_000001.11:40241653:TGAA:TGAAATTGAA   effect_size = gte:0.3   method = eQTL	200	0	list		https://catalog-api-dserv-1293-example.demo.igvf.org/api/variants/genes?spdi=NC_000001.11%3A40241653%3ATGAA%3ATGAAATTGAA+++effect_size+%3D+gte%3A0.3+++method+%3D+eQTL&page=0
/variants/genes	genesFromVariants	source=AFGR         Group results     region = chr1:40241650-40241759	400			"{""message"":""Input validation failed"",""code"":""BAD_REQUEST"",""issues"":[{""received"":""AFGR         Group results     region = chr1:40241650-40241759"",""code"":""invalid_enum_value"",""options"":[""AFGR"",""EBI"",""IGVF""],""path"":[""source""],""message"":""Invalid enum value. Expected 'AFGR' | 'EBI' | 'IGVF', received 'AFGR         Group results     region = chr1:40241650-40241759'""}]}"	https://catalog-api-dserv-1293-example.demo.igvf.org/api/variants/genes?source=AFGR+++++++++Group+results+++++region+%3D+chr1%3A40241650-40241759&page=0
/variants/genes-proteins	genesProteinsFromVariants	variant_id=NC_000001.11:630556:T:C	200	1	list		https://catalog-api-dserv-1293-example.demo.igvf.org/api/variants/genes-proteins?variant_id=NC_000001.11%3A630556%3AT%3AC&page=0
/variants/genes/summary	qtlSummaryEndpoint	variant_id=NC_000001.11:40242002:G:A	200	1	list		https://catalog-api-dserv-1293-example.demo.igvf.org/api/variants/genes/summary?variant_id=NC_000001.11%3A40242002%3AG%3AA&page=0
/variants/genes/summary	qtlSummaryEndpoint	spdi=NC_000001.11:40242002:G:A	200	1	list		https://catalog-api-dserv-1293-example.demo.igvf.org/api/variants/genes/summary?spdi=NC_000001.11%3A40242002%3AG%3AA&page=0
/variants/genes/summary	qtlSummaryEndpoint	hgvs=NC_000001.11:g.40242003G>A	200	1	list		https://catalog-api-dserv-1293-example.demo.igvf.org/api/variants/genes/summary?hgvs=NC_000001.11%3Ag.40242003G%3EA&page=0
/variants/genes/summary	qtlSummaryEndpoint	ca_id=CA16051554	200	1	list		https://catalog-api-dserv-1293-example.demo.igvf.org/api/variants/genes/summary?ca_id=CA16051554&page=0
/variants/genes/summary	qtlSummaryEndpoint	files_fileset=IGVFFI9602ILPC	400			"{""message"":""At least one of these properties must be defined: spdi, hgvs, rsid, ca_id, variant_id, region"",""code"":""BAD_REQUEST""}"	https://catalog-api-dserv-1293-example.demo.igvf.org/api/variants/genes/summary?files_fileset=IGVFFI9602ILPC&page=0
/variants/genomic-elements	genomicElementsFromVariants	variant_id=NC_000001.11:976214:A:G	200	3	list		https://catalog-api-dserv-1293-example.demo.igvf.org/api/variants/genomic-elements?variant_id=NC_000001.11%3A976214%3AA%3AG&page=0
/variants/genomic-elements	genomicElementsFromVariants	hgvs=NC_000001.11:g.976215A>G	200	3	list		https://catalog-api-dserv-1293-example.demo.igvf.org/api/variants/genomic-elements?hgvs=NC_000001.11%3Ag.976215A%3EG&page=0
/variants/genomic-elements	genomicElementsFromVariants	spdi=NC_000001.11:976214:A:G	200	3	list		https://catalog-api-dserv-1293-example.demo.igvf.org/api/variants/genomic-elements?spdi=NC_000001.11%3A976214%3AA%3AG&page=0
/variants/genomic-elements	genomicElementsFromVariants	rsid=rs7417106	200	3	list		https://catalog-api-dserv-1293-example.demo.igvf.org/api/variants/genomic-elements?rsid=rs7417106&page=0
/variants/genomic-elements	genomicElementsFromVariants	ca_id=CA507079	200	3	list		https://catalog-api-dserv-1293-example.demo.igvf.org/api/variants/genomic-elements?ca_id=CA507079&page=0
/variants/genomic-elements	genomicElementsFromVariants	region=chr1:766254-766554	200	2	list		https://catalog-api-dserv-1293-example.demo.igvf.org/api/variants/genomic-elements?region=chr1%3A766254-766554&page=0
/variants/genomic-elements	genomicElementsFromVariants	biosample_term=EFO_0002067	400			"{""message"":""At least one variant property or method or files_fileset must be defined."",""code"":""BAD_REQUEST""}"	https://catalog-api-dserv-1293-example.demo.igvf.org/api/variants/genomic-elements?biosample_term=EFO_0002067&page=0
/variants/genomic-elements	genomicElementsFromVariants	biological_context=K562	400			"{""message"":""At least one variant property or method or files_fileset must be defined."",""code"":""BAD_REQUEST""}"	https://catalog-api-dserv-1293-example.demo.igvf.org/api/variants/genomic-elements?biological_context=K562&page=0
/variants/genomic-elements	genomicElementsFromVariants	method=caQTL	200	25	list		https://catalog-api-dserv-1293-example.demo.igvf.org/api/variants/genomic-elements?method=caQTL&page=0
/variants/genomic-elements	genomicElementsFromVariants	files_fileset=ENCFF103XRK	200	25	list		https://catalog-api-dserv-1293-example.demo.igvf.org/api/variants/genomic-elements?files_fileset=ENCFF103XRK&page=0
/variants/genomic-elements/cell-gene-predictions	genomicElementsPredictionsFromVariant	variant_id=NC_000012.12:69248967:C:T	200		object		https://catalog-api-dserv-1293-example.demo.igvf.org/api/variants/genomic-elements/cell-gene-predictions?variant_id=NC_000012.12%3A69248967%3AC%3AT
/variants/genomic-elements/cell-gene-predictions	genomicElementsPredictionsFromVariant	spdi=NC_000012.12:69248967:C:T	200		object		https://catalog-api-dserv-1293-example.demo.igvf.org/api/variants/genomic-elements/cell-gene-predictions?spdi=NC_000012.12%3A69248967%3AC%3AT
/variants/genomic-elements/cell-gene-predictions	genomicElementsPredictionsFromVariant	hgvs=NC_000012.12:g.69248968C>T	200		object		https://catalog-api-dserv-1293-example.demo.igvf.org/api/variants/genomic-elements/cell-gene-predictions?hgvs=NC_000012.12%3Ag.69248968C%3ET
/variants/genomic-elements/cell-gene-predictions	genomicElementsPredictionsFromVariant	rsid=rs544450198	200		object		https://catalog-api-dserv-1293-example.demo.igvf.org/api/variants/genomic-elements/cell-gene-predictions?rsid=rs544450198
/variants/genomic-elements/cell-gene-predictions	genomicElementsPredictionsFromVariant	ca_id=CA10655063	200		object		https://catalog-api-dserv-1293-example.demo.igvf.org/api/variants/genomic-elements/cell-gene-predictions?ca_id=CA10655063
/variants/genomic-elements/cell-gene-predictions	genomicElementsPredictionsFromVariant	region=chr1:1157520-1158189				The read operation timed out	https://catalog-api-dserv-1293-example.demo.igvf.org/api/variants/genomic-elements/cell-gene-predictions?region=chr1%3A1157520-1158189
/variants/gnomad-alleles	variantsAlleles	region=chr1:1157520-1158520	200	491	list		https://catalog-api-dserv-1293-example.demo.igvf.org/api/variants/gnomad-alleles?region=chr1%3A1157520-1158520
/variants/nearest-genes	nearestGenes	region=chr1:1157520-1158189	200	2	list		https://catalog-api-dserv-1293-example.demo.igvf.org/api/variants/nearest-genes?region=chr1%3A1157520-1158189
/variants/phenotypes	phenotypesFromVariants	spdi=NC_000001.11:5277210:G:A   neg_log10_pvalue = gte:5   method = GWAS         query by region     region = chr1:5277208-5277214   method = GWAS           SGE:     query by variant identifier     spdi = NC_000007.14:152660654:T:A   method = SGE         query by region     region = chr1:5270208-5279214   method = SGE           cV2F:     query by variant identifier     spdi = NC_000001.11:91420:T:C   method = cV2F         query by region     region = chr1:91418-91424   method = cV2F	200	0	list		https://catalog-api-dserv-1293-example.demo.igvf.org/api/variants/phenotypes?spdi=NC_000001.11%3A5277210%3AG%3AA+++neg_log10_pvalue+%3D+gte%3A5+++method+%3D+GWAS+++++++++query+by+region+++++region+%3D+chr1%3A5277208-5277214+++method+%3D+GWAS+++++++++++SGE%3A+++++query+by+variant+identifier+++++spdi+%3D+NC_000007.14%3A152660654%3AT%3AA+++method+%3D+SGE+++++++++query+by+region+++++region+%3D+chr1%3A5270208-5279214+++method+%3D+SGE+++++++++++cV2F%3A+++++query+by+variant+identifier+++++spdi+%3D+NC_000001.11%3A91420%3AT%3AC+++method+%3D+cV2F+++++++++query+by+region+++++region+%3D+chr1%3A91418-91424+++method+%3D+cV2F&page=0
/variants/phenotypes/score-summary	deprecatedCodingVariantsSummary	variant_id=NC_000018.10:31546002:CA:GT	200	1	list		https://catalog-api-dserv-1293-example.demo.igvf.org/api/variants/phenotypes/score-summary?variant_id=NC_000018.10%3A31546002%3ACA%3AGT
/variants/phenotypes/score-summary	deprecatedCodingVariantsSummary	files_fileset=IGVFFI6893ZOAA	400			"{""message"":""variant_id or coding_variant_id is required"",""code"":""BAD_REQUEST""}"	https://catalog-api-dserv-1293-example.demo.igvf.org/api/variants/phenotypes/score-summary?files_fileset=IGVFFI6893ZOAA
/variants/predictions	predictionsFromVariants	variant_id=NC_000001.11:976214:A:G	500			Internal Server Error	https://catalog-api-dserv-1293-example.demo.igvf.org/api/variants/predictions?variant_id=NC_000001.11%3A976214%3AA%3AG&page=0
/variants/predictions	predictionsFromVariants	hgvs=NC_000001.11:g.976215A>G	500			Internal Server Error	https://catalog-api-dserv-1293-example.demo.igvf.org/api/variants/predictions?hgvs=NC_000001.11%3Ag.976215A%3EG&page=0
/variants/predictions	predictionsFromVariants	spdi=NC_000001.11:976214:A:G	500			Internal Server Error	https://catalog-api-dserv-1293-example.demo.igvf.org/api/variants/predictions?spdi=NC_000001.11%3A976214%3AA%3AG&page=0
/variants/predictions	predictionsFromVariants	ca_id=CA507079	500			Internal Server Error	https://catalog-api-dserv-1293-example.demo.igvf.org/api/variants/predictions?ca_id=CA507079&page=0
/variants/predictions-count	genomicElementsFromVariantsCount	variant_id=NC_000001.11:1628997:GGG:GG	200	1	list		https://catalog-api-dserv-1293-example.demo.igvf.org/api/variants/predictions-count?variant_id=NC_000001.11%3A1628997%3AGGG%3AGG
/variants/predictions-count	genomicElementsFromVariantsCount	hgvs=NC_000001.11:g.1629000del	200	1	list		https://catalog-api-dserv-1293-example.demo.igvf.org/api/variants/predictions-count?hgvs=NC_000001.11%3Ag.1629000del
/variants/predictions-count	genomicElementsFromVariantsCount	spdi=NC_000001.11:1628997:GGG:GG	200	1	list		https://catalog-api-dserv-1293-example.demo.igvf.org/api/variants/predictions-count?spdi=NC_000001.11%3A1628997%3AGGG%3AGG
/variants/predictions-count	genomicElementsFromVariantsCount	ca_id=CA1522823495	200	1	list		https://catalog-api-dserv-1293-example.demo.igvf.org/api/variants/predictions-count?ca_id=CA1522823495
/variants/predictions-count	genomicElementsFromVariantsCount	files_fileset=ENCFF705MLV	400			"{""message"":""At least one node property for variant must be defined."",""code"":""BAD_REQUEST""}"	https://catalog-api-dserv-1293-example.demo.igvf.org/api/variants/predictions-count?files_fileset=ENCFF705MLV
/variants/proteins	proteinsFromVariants	verbose=true	400			"{""message"":""At least one variant property or method or files_fileset must be defined."",""code"":""BAD_REQUEST""}"	https://catalog-api-dserv-1293-example.demo.igvf.org/api/variants/proteins?verbose=true&page=0
/variants/proteins	proteinsFromVariants	variant_id=NC_000005.10:59317579:G:T   method = ADASTRA         query by region     region = chr5:150575301-150575304   method = ADASTRA           GVATdb:     query by variant identifier     variant_id = NC_000010.11:112626979:C:T   method = GVATdb         query by region     region = chr10:112626978-112626982   method = GVATdb           SEMVAR:     query by variant identifier     spdi = NC_000001.11:100091094:A:C   method = SEMVAR         query by region     region = chr1:100091093-100091097   method = SEMVAR           pQTL:     query by variant identifier     spdi = NC_000002.12:27508072:T:C   method = pQTL         query by region     region = chr2:27508070-27508074   method = pQTL	200	0	list		https://catalog-api-dserv-1293-example.demo.igvf.org/api/variants/proteins?variant_id=NC_000005.10%3A59317579%3AG%3AT+++method+%3D+ADASTRA+++++++++query+by+region+++++region+%3D+chr5%3A150575301-150575304+++method+%3D+ADASTRA+++++++++++GVATdb%3A+++++query+by+variant+identifier+++++variant_id+%3D+NC_000010.11%3A112626979%3AC%3AT+++method+%3D+GVATdb+++++++++query+by+region+++++region+%3D+chr10%3A112626978-112626982+++method+%3D+GVATdb+++++++++++SEMVAR%3A+++++query+by+variant+identifier+++++spdi+%3D+NC_000001.11%3A100091094%3AA%3AC+++method+%3D+SEMVAR+++++++++query+by+region+++++region+%3D+chr1%3A100091093-100091097+++method+%3D+SEMVAR+++++++++++pQTL%3A+++++query+by+variant+identifier+++++spdi+%3D+NC_000002.12%3A27508072%3AT%3AC+++method+%3D+pQTL+++++++++query+by+region+++++region+%3D+chr2%3A27508070-27508074+++method+%3D+pQTL&page=0
/variants/region-summary	variantsRegionSummary	region=chr1:1157520-1158520	200	6	object[by_method]		https://catalog-api-dserv-1293-example.demo.igvf.org/api/variants/region-summary?region=chr1%3A1157520-1158520
/variants/summary	variantSummary	variant_id=NC_000020.11:3658947:A:G	200		object		https://catalog-api-dserv-1293-example.demo.igvf.org/api/variants/summary?variant_id=NC_000020.11%3A3658947%3AA%3AG
/variants/summary	variantSummary	spdi=NC_000020.11:3658947:A:G	200		object		https://catalog-api-dserv-1293-example.demo.igvf.org/api/variants/summary?spdi=NC_000020.11%3A3658947%3AA%3AG
/variants/summary	variantSummary	hgvs=NC_000020.11:g.3658948A>G	200		object		https://catalog-api-dserv-1293-example.demo.igvf.org/api/variants/summary?hgvs=NC_000020.11%3Ag.3658948A%3EG
/variants/summary	variantSummary	ca_id=CA739473472	200		object		https://catalog-api-dserv-1293-example.demo.igvf.org/api/variants/summary?ca_id=CA739473472
/variants/variant-ld	variantsFromVariantID	rsid=rs60960132	200	25	list		https://catalog-api-dserv-1293-example.demo.igvf.org/api/variants/variant-ld?rsid=rs60960132&page=0
/variants/variant-ld	variantsFromVariantID	ca_id=CA217534780	200	25	list		https://catalog-api-dserv-1293-example.demo.igvf.org/api/variants/variant-ld?ca_id=CA217534780&page=0
/variants/variant-ld	variantsFromVariantID	region=chr17:7166090-7166095	200	25	list		https://catalog-api-dserv-1293-example.demo.igvf.org/api/variants/variant-ld?region=chr17%3A7166090-7166095&page=0
/variants/variant-ld	variantsFromVariantID	r2=gte:0.8	400			"{""message"":""At least one variant property must be defined."",""code"":""BAD_REQUEST""}"	https://catalog-api-dserv-1293-example.demo.igvf.org/api/variants/variant-ld?r2=gte%3A0.8&page=0
/variants/variant-ld	variantsFromVariantID	d_prime=gt:0.9	400			"{""message"":""At least one variant property must be defined."",""code"":""BAD_REQUEST""}"	https://catalog-api-dserv-1293-example.demo.igvf.org/api/variants/variant-ld?d_prime=gt%3A0.9&page=0
/variants/variant-ld	variantsFromVariantID	ancestry=EUR	400			"{""message"":""At least one variant property must be defined."",""code"":""BAD_REQUEST""}"	https://catalog-api-dserv-1293-example.demo.igvf.org/api/variants/variant-ld?ancestry=EUR&page=0
/variants/variant-ld/summary	variantsFromVariantIDSummary	variant_id=NC_000001.11:954257:G:C	200	15	list		https://catalog-api-dserv-1293-example.demo.igvf.org/api/variants/variant-ld/summary?variant_id=NC_000001.11%3A954257%3AG%3AC&page=0
/variants/variant-ld/summary	variantsFromVariantIDSummary	hgvs=NC_000011.10:g.9090011A>G	200	15	list		https://catalog-api-dserv-1293-example.demo.igvf.org/api/variants/variant-ld/summary?hgvs=NC_000011.10%3Ag.9090011A%3EG&page=0
/variants/variant-ld/summary	variantsFromVariantIDSummary	spdi=NC_000011.10:9090010:A:G	200	15	list		https://catalog-api-dserv-1293-example.demo.igvf.org/api/variants/variant-ld/summary?spdi=NC_000011.10%3A9090010%3AA%3AG&page=0
/variants/variant-ld/summary	variantsFromVariantIDSummary	ca_id=CA10655063	200	15	list		https://catalog-api-dserv-1293-example.demo.igvf.org/api/variants/variant-ld/summary?ca_id=CA10655063&page=0
